type;isin;investmentRegion;investmentSubject;fullName;managedBy;replicationType;ticker;exchange;tickerGoogle;tickerYahoo;currency
ETF;IE00B5BMR087;USA;Akcje;ISHARES CORE S&P500 UCITS ;iShares;Accumulating;SXR8;FRA;FRA:SXR8;SXR8.F;EUR
ETF;IE00B5BMR087;USA;Akcje;ISHARES CORE S&P500 UCITS ;iShares;Accumulating;CSPX;LON;LON:CSPX;CSPX.L;USD
ETF;IE00B5BMR087;USA;Akcje;ISHARES CORE S&P500 UCITS ;iShares;Accumulating;CSP1;LON;LON:CSP1;CSP1.L;GBX
ETF;IE00B5BMR087;USA;Akcje;ISHARES CORE S&P500 UCITS ;iShares;Accumulating;CSPX;AMS;AMS:CSPX;CSPX.AS;EUR
ETF;IE00B4L5Y983;Globalny (DM);Akcje;ISHARES CORE MSCI WORLD UCITS ;iShares;Accumulating;EUNL;FRA;FRA:EUNL;EUNL.F;EUR
ETF;IE00B4L5Y983;Globalny (DM);Akcje;ISHARES CORE MSCI WORLD UCITS ;iShares;Accumulating;IWDA;LON;LON:IWDA;IWDA.L;USD
ETF;IE00B4L5Y983;Globalny (DM);Akcje;ISHARES CORE MSCI WORLD UCITS ;iShares;Accumulating;SWDA;LON;LON:SWDA;SWDA.L;GBX
ETF;IE00B4L5Y983;Globalny (DM);Akcje;ISHARES CORE MSCI WORLD UCITS ;iShares;Accumulating;IWDA;AMS;AMS:IWDA;IWDA.AS;EUR
ETF;IE00B3XXRP09;USA;Akcje;VANGUARD S&P 500 ETF UCITS ;Vanguard;Distributing;VUSA;LON;LON:VUSA;;GBP
ETF;IE00B3XXRP09;USA;Akcje;VANGUARD S&P 500 ETF UCITS ;Vanguard;Distributing;VUSA;FRA;FRA:VUSA;;EUR
ETF;IE00B3XXRP09;USA;Akcje;VANGUARD S&P 500 ETF UCITS ;Vanguard;Distributing;VUSA;AMS;AMS:VUSA;;EUR
ETF;IE00BKM4GZ66;Globalny (EM);Akcje;ISHARES CORE MSCI EM IMI UCITS ;iShares;Accumulating;IS3N;FRA;FRA:IS3N;;EUR
ETF;IE00BKM4GZ66;Globalny (EM);Akcje;ISHARES CORE MSCI EM IMI UCITS ;iShares;Accumulating;EIMI;LON;LON:EIMI;;USD
ETF;IE00BKM4GZ66;Globalny (EM);Akcje;ISHARES CORE MSCI EM IMI UCITS ;iShares;Accumulating;EMIM;LON;LON:EMIM;;GBX
ETF;IE00BKM4GZ66;Globalny (EM);Akcje;ISHARES CORE MSCI EM IMI UCITS ;iShares;Accumulating;EMIM;AMS;AMS:EMIM;;EUR
ETF;IE0005042456;Wielka Brytania;Akcje;ISHARES CORE FTSE100 UCITS;iShares;Distributing;ISF;LON;LON:ISF;;GBX
ETF;IE0005042456;Wielka Brytania;Akcje;ISHARES CORE FTSE100 UCITS ;iShares;Distributing;ISFA;AMS;AMS:ISFA;;EUR
ETF;IE0031442068;USA;Akcje;ISHARES CORE S&P 500 UCITS ;iShares;Distributing;IUSA;FRA;FRA:IUSA;;EUR
ETF;IE0031442068;USA;Akcje;ISHARES CORE S&P 500 UCITS ;iShares;Distributing;IDUS;LON;LON:IDUS;;USD
ETF;IE0031442068;USA;Akcje;ISHARES CORE S&P 500 UCITS ;iShares;Distributing;IUSA;LON;LON:IUSA;;GBX
ETF;IE0031442068;USA;Akcje;ISHARES CORE S&P 500 UCITS ;iShares;Distributing;IUSA;AMS;AMS:IUSA;;EUR
ETF;IE00B3YCGJ38;USA;Akcje;INVESCO MARKETS PLC S&P 500 UCITS ;Invesco;Accumulating;SPXS;AMS;AMS:SPXS;;EUR
ETF;IE00B3YCGJ38;USA;Akcje;INVESCO MARKETS PLC S&P 500 UCITS;Invesco;Accumulating;P500;FRA;FRA:P500;;EUR
ETF;IE00B3RBWM25;Globalny;Akcje;VANGUARD FTSE ALLWORLD UCITS ETF USD ;Vanguard;Distributing;VWRD;LON;LON:VWRD;;USD
ETF;IE00B3RBWM25;Globalny;Akcje;VANGUARD FTSE ALLWORLD UCITS ETF USD ;Vanguard;Distributing;VWRL;AMS;AMS:VWRL;;EUR
ETF;IE00BJ0KDQ92;Globalny (DM);Akcje;XTRACKERS MSCI WORLD UCITS ;Xtrackers;Accumulating;XDWD;LON;LON:XDWD;;
ETF;IE00BJ0KDQ92;Globalny (DM);Akcje;XTRACKERS MSCI WORLD UCITS ;Xtrackers;Accumulating;XDWD;FRA;FRA:XDWD;;
ETF;IE00B53SZB19;USA;Akcje;ISHARES NASDAQ 100 USD ;iShares;Accumulating;SXRV;FRA;FRA:SXRV;;EUR
ETF;IE00B53SZB19;USA;Akcje;ISHARES NASDAQ 100 USD ;iShares;Accumulating;CNDX;LON;LON:CNDX;;USD
ETF;IE00B53SZB19;USA;Akcje;ISHARES NASDAQ 100 USD ;iShares;Accumulating;CNDX;AMS;AMS:CNDX;;EUR
ETF;IE00B1YZSC51;Europa;Akcje;ISHARES MSCI EUROPE UCITS ;iShares;Distributing;IMEU;LON;LON:IMEU;;GBX
ETF;IE00B6R52259;Globalny;Akcje;ISHARES MSCI ACWI UCITS ETF USD ;iShares;Accumulating;ISAC;LON;LON:ISAC;;USD
ETF;IE00B6R52259;Globalny;Akcje;ISHARES MSCI ACWI UCITS ETF USD;iShares;Accumulating;IUSQ;FRA;FRA:IUSQ;;EUR
ETF;DE0002635307;Europa;Akcje;ISHARES STOXX EUROPE 600 UCITS ;iShares;Distributing;SXXPIEX;FRA;FRA:EXSA;;
ETF;DE0005933956;Europa;Akcje;ISHARES EURO STOXX 50 UCITS ;iShares;Distributing;SX5EEX;FRA;FRA:EXW1;;EUR
ETF;IE00BK5BQT80;Globalny;Akcje;VANGUARD FTSE ALLWORLD UCITS ETF USD ;Vanguard;Accumulating;VWRA;LON;LON:VWRA;;USD
ETF;IE00BK5BQT80;Globalny;Akcje;VANGUARD FTSE ALLWORLD UCITS ETF USD ;Vanguard;Accumulating;VWCE;FRA;FRA:VWCE;;EUR
ETF;DE0005933931;Niemcy;Akcje;ISHARES CORE DAX UCITS ;iShares;Accumulating;DAXEX;FRA;FRA:EXS1;;EUR
ETF;IE00B1XNHC34;Globalny;Akcje - tematyczne;ISHARES GLOBAL CLEAN ENERGY UCITS ;iShares;Distributing;INRG;LON;LON:INRG;;GBX
ETF;IE00B1XNHC34;Globalny;Akcje - tematyczne;ISHARES GLOBAL CLEAN ENERGY UCITS ;iShares;Distributing;IQQH;FRA;FRA:IQQH;;EUR
ETF;IE00BJ0KDR00;USA;Akcje;DB XTRACKERS MSCI USA INDEX UCITS ;Xtrackers;Accumulating;XD9U;FRA;FRA:XD9U;;EUR
ETF;LU0908500753;Europa;Akcje;LYXOR CORE STOXX EUROPE 600 (DR) UCITS ETF ;Lyxor;Accumulating;MEUD;EPA;EPA:MEUD;;
ETF;IE00B0M62Q58;Globalny (DM);Akcje;ISHARES MSCI WORLD UCITS ;iShares;Distributing;IQQW;FRA;FRA:IQQW;;
ETF;IE00B0M62Q58;Globalny (DM);Akcje;ISHARES MSCI WORLD UCITS ;iShares;Distributing;IWRD;LON;LON:IWRD;;
ETF;IE00B0M62Q58;Globalny (DM);Akcje;ISHARES MSCI WORLD UCITS ;iShares;Distributing;IWRD;AMS;AMS:IWRD;;
ETF;IE00BFMXXD54;USA;Akcje;VANGUARD S&P 500 UCITS ETF USD;Vanguard;Accumulating;VUAG;LON;LON:VUAG;;GBP
ETF;IE00BFMXXD54;USA;Akcje;VANGUARD S&P 500 UCITS ETF USD;Vanguard;Accumulating;VUAA;LON;LON:VUAA;;USD
ETF;LU0490618542;USA;Akcje;DB XTRACKERS S&P 500 UCITS ;Xtrackers;Accumulating;D5BM;FRA;FRA:D5BM;;EUR
ETF;LU0490618542;USA;Akcje;DB XTRACKERS S&P 500 UCITS ;Xtrackers;Accumulating;XSPU;LON;LON:XSPU;;USD
ETF;IE00B3ZW0K18;USA;Akcje;ISHARES S&P 500 EUR HEDGED UCITS ETF ;iShares;Accumulating;IBCF;FRA;FRA:IBCF;;
ETF;IE00B3ZW0K18;USA;Akcje;ISHARES S&P 500 EUR HEDGED UCITS ETF ;iShares;Accumulating;IUSE;LON;LON:IUSE;;
ETF;IE00B3ZW0K18;USA;Akcje;ISHARES S&P 500 EUR HEDGED UCITS ETF ;iShares;Accumulating;IUES;AMS;AMS:IUES;;
ETF;IE00B6YX5D40;USA;Akcje - dywidendy;SPDR S&P US DIVIDEND ARISTOCRATS UCITS ;SPDR;Distributing;UDVD;LON;LON:UDVD;;USD
ETF;IE00B6YX5D40;USA;Akcje - dywidendy;SPDR S&P US DIVIDEND ARISTOCRATS UCITS;SPDR;Distributing;SPYD;FRA;FRA:SPYD;;EUR
ETF;IE00B4K48X80;Europa;Akcje;ISHARES MSCI EUROPE UCITS ;iShares;Accumulating;IMAE;AMS;AMS:IMAE;;EUR
ETF;IE00B4K48X80;Europa;Akcje;ISHARES MSCI EUROPE UCITS ;iShares;Accumulating;SMEA;LON;LON:SMEA;;GBX
ETF;IE00B4K48X80;Europa;Akcje;ISHARES MSCI EUROPE UCITS ;iShares;Accumulating;EUNK;FRA;FRA:EUNK;;EUR
ETF;IE00BTJRMP35;Globalny (EM);Akcje;DB XTRACKERS MSCI EMERGING MARKET UCITS ;Xtrackers;Accumulating;XMME;FRA;FRA:XMME;;EUR
ETF;IE00B810Q511;Wielka Brytania;Akcje;VANGUARD FTSE 100 UCITS;Vanguard;Distributing;VUKE;LON;LON:VUKE;;GBP
ETF;IE00B6YX5C33;USA;Akcje;SPDR S&P 500 UCITS ;SPDR;Distributing;SPY5;LON;LON:SPY5;;USD
ETF;IE00B6YX5C33;USA;Akcje;SPDR S&P 500 UCITS ;SPDR;Distributing;SPY5;FRA;FRA:SPY5;;EUR
ETF;IE00B5KQNG97;USA;Akcje;HSBC S&P 500 UCITS ETF;HSBC;Distributing;HSPD;LON;LON:HSPD;;
ETF;LU0274211480;Niemcy;Akcje;DB XTRACKERS DAX UCITS ;Xtrackers;Accumulating;XDAX;FRA;FRA:DBXD;;
ETF;IE00BP3QZB59;Globalny (DM);Akcje - factor;ISHARES MSCI WORLD VALUE FACTOR UCITS ;iShares;Accumulating;IS3S;FRA;FRA:IS3S;;EUR
ETF;IE00BP3QZB59;Globalny (DM);Akcje - factor;ISHARES MSCI WORLD VALUE FACTOR UCITS ;iShares;Accumulating;IWVL;LON;LON:IWVL;;USD
ETF;IE0032077012;USA;Akcje - technologia;INVESCO EQQQ NASDAQ100 UCITS ETF;Invesco;Distributing;EQQQ;LON;LON:EQQQ;;GBX
ETF;IE0032077012;USA;Akcje - technologia;INVESCO EQQQ NASDAQ100 UCITS ETF;Invesco;Distributing;EQQQ;EPA;EPA:EQQQ;;EUR
ETF;LU0274210672;USA;Akcje;DB XTRACKERS MSCI USA INDEX UCITS ;Xtrackers;Accumulating;XMUS;FRA;FRA:DBXU;;
ETF;IE00B0M63177;Globalny (EM);Akcje;ISHARES MSCI EM UCITS ;iShares;Distributing;IQQE;FRA;FRA:IQQE;;EUR
ETF;IE00B0M63177;Globalny (EM);Akcje;ISHARES MSCI EM UCITS ;iShares;Distributing;IEEM;LON;LON:IEEM;;GBX
ETF;IE00B0M63177;Globalny (EM);Akcje;ISHARES MSCI EM UCITS ;iShares;Distributing;IEMM;AMS;AMS:IEMM;;EUR
ETF;IE0008471009;Europa;Akcje;ISHARES EURO STOXX 50 UCITS ;iShares;Distributing;EUN2;FRA;FRA:EUN2;;EUR
ETF;IE0008471009;Europa;Akcje;ISHARES EURO STOXX 50 UCITS;iShares;Distributing;EUEA;AMS;AMS:EUEA;;EUR
ETF;LU0392494562;Globalny (DM);Akcje;COMSTAGE MSCI WORLD UCITS ;Comstage;Distributing;CBNDDUWI;FRA;FRA:X010;;
ETF;IE00B4L5YX21;Japonia;Akcje;ISHARES CORE MSCI JAPAN IMI UCITS ;iShares;Accumulating;SJPA;LON;LON:SJPA;;GBX
ETF;IE00B4L5YX21;Japonia;Akcje;ISHARES CORE MSCI JAPAN IMI UCITS;iShares;Accumulating;IJPA;AMS;AMS:IJPA;;EUR
ETF;IE00B53L3W79;Europa;Akcje;ISHARES CORE EURO STOXX 50 UCITS ETF EUR ;iShares;Accumulating;SXRT;FRA;FRA:SXRT;;EUR
ETF;IE00B8GKDB10;Globalny;Akcje - dywidendy;VANGUARD FTSE ALLWORLD HIGH DIVIDEND YIELD UCITS;Vanguard;Distributing;VHYL;LON;LON:VHYL;;GBP
ETF;IE00B8GKDB10;Globalny;Akcje - dywidendy;VANGUARD FTSE ALLWORLD HIGH DIVIDEND YIELD UCITS ;Vanguard;Distributing;VGWD;FRA;FRA:VGWD;;EUR
ETF;IE00B8GKDB10;Globalny;Akcje - dywidendy;VANGUARD FTSE ALLWORLD HIGH DIVIDEND YIELD UCITS;Vanguard;Distributing;VHYL;AMS;AMS:VHYL;;EUR
ETF;LU0274209237;Europa;Akcje;DB XTRACKERS EUROPE INDEX UCITS ;Xtrackers;Accumulating;XMED;LON;LON:XMED;;USD
ETF;LU0274209237;Europa;Akcje;DB XTRACKERS EUROPE INDEX UCITS ;Xtrackers;Accumulating;XMEU;FRA;FRA:DBXA;;
ETF;IE00B8FHGS14;Globalny (DM);Akcje - factor;ISHARES EDGE MSCI WORLD MINIMUM VOLATILITY UCITS ;iShares;Accumulating;MVOL;LON;LON:MVOL;;USD
ETF;IE00B8FHGS14;Globalny (DM);Akcje - factor;ISHARES EDGE MSCI WORLD MINIMUM VOLATILITY UCITS ;iShares;Accumulating;IQQ0;FRA;FRA:IQQ0;;EUR
ETF;FR0007052782;Francja;Akcje;LYXOR CAC 40 (DR) UCITS ETF ;Lyxor;Distributing;CAC;EPA;EPA:CAC;;EUR
ETF;IE00BLNMYC90;USA;Akcje - factor;XTRACKERS S&P 500 EQUAL WEIGHT UCITS ;Xtrackers;Accumulating;XDEW;FRA;FRA:XDEW;;EUR
ETF;IE00B60SX394;Globalny (DM);Akcje;SOURCE MSCI WORLD UCITS ;Invesco;Accumulating;SMSWLD;FRA;FRA:SC0J;;
ETF;IE00B60SX170;USA;Akcje;INVESCO MSCI USA UCITS ETF ACC;Invesco;Accumulating;SC0H;FRA;FRA:SC0H;;
ETF;LU0380865021;Europa;Akcje;DB XTRACKERS EURO STOXX 50 UCITS ;Xtrackers;Accumulating;XESC;FRA;FRA:DXET;;
ETF;LU0274208692;Globalny (DM);Akcje;DB XTRACKERS MSCI WORLD SWAP UCITS ;Xtrackers;Accumulating;XMWO;FRA;FRA:DBXW;;
ETF;IE00BD1F4M44;USA;Akcje - factor;ISHARES EDGE MSCI USA VALUE FACTOR UCITS ;iShares;Accumulating;QDVI;FRA;FRA:QDVI;;EUR
ETF;IE00B52MJY50;Azja;Akcje;ISHARES CORE MSCI PACIFIC EXJAPAN UCITS ETF;iShares;Accumulating;SXR1;FRA;FRA:SXR1;;EUR
ETF;IE00B52MJY50;Azja;Akcje;ISHARES CORE MSCI PACIFIC EXJAPAN UCITS ETF;iShares;Accumulating;CPXJ;LON;LON:CPXJ;;USD
ETF;IE00B3WJKG14;USA;Akcje - technologia;ISHARES S&P500 IT SECTOR UCITS ;iShares;Accumulating;QDVE;FRA;FRA:QDVE;;EUR
ETF;IE00B3WJKG14;USA;Akcje - technologia;ISHARES S&P500 IT SECTOR UCITS ;iShares;Accumulating;IUIT;LON;LON:IUIT;;USD
ETF;IE00BQT3WG13;Chiny;Akcje;ISHARES MSCI CHINA A UCITS ;iShares;Accumulating;CNYA;LON;LON:CNYA;;USD
ETF;IE00BQT3WG13;Chiny;Akcje;ISHARES MSCI CHINA A UCITS ;iShares;Accumulating;CNYA;FRA;FRA:CNYA;;
ETF;IE00BQT3WG13;Chiny;Akcje;ISHARES MSCI CHINA A UCITS ;iShares;Accumulating;36BZ;FRA;FRA:36BZ;;EUR
ETF;IE00BQN1K901;Europa;Akcje - factor;ISHARES EDGE MSCI EUROPE VALUE FACTOR UCITS ETF EUR ;iShares;Accumulating;CEMS;FRA;FRA:CEMS;;EUR
ETF;IE00BQN1K901;Europa;Akcje - factor;ISHARES EDGE MSCI EUROPE VALUE FACTOR UCITS ETF EUR ;iShares;Accumulating;IEVL;LON;LON:IEVL;;EUR
ETF;IE00B441G979;Globalny (DM);Akcje;ISHARES MSCI WORLD EUR HEDGED UCITS (ACC, EUR);iShares;Accumulating;IBCH;FRA;FRA:IBCH;;
ETF;IE00BYZK4552;Globalny;Akcje - technologia;ISHARES AUTOMATION & ROBOTICS UCITS ;iShares;Accumulating;2B76;FRA;FRA:2B76;;EUR
ETF;IE00BYZK4552;Globalny;Akcje - technologia;ISHARES AUTOMATION & ROBOTICS UCITS ;iShares;Accumulating;RBOT;LON;LON:RBOT;;USD
ETF;IE00B53QG562;Europa;Akcje;ISHARES CORE MSCI EMU UCITS ETF EUR ;iShares;Accumulating;CEU1;LON;LON:CEU1;;GBX
ETF;IE00B53QG562;Europa;Akcje;ISHARES CORE MSCI EMU UCITS ETF EUR ;iShares;Accumulating;CEMU;AMS;AMS:CEMU;;EUR
ETF;IE00B945VV12;Europa;Akcje;VANGUARD FTSE DEVELOPED EUROPE UCITS;Vanguard;Distributing;VEUR;LON;LON:VEUR;;GBP
ETF;FR0007054358;Europa;Akcje;LYXOR EURO STOXX 50 (DR) UCITS ETF ;Lyxor;Accumulating;MSE;EPA;EPA:MSE;;EUR
ETF;IE00BF4RFH31;Globalny (DM);Akcje - małe spółki;ISHARES MSCI WORLD SMALL CAP UCITS ;iShares;Accumulating;WSML;LON;LON:WSML;;USD
ETF;IE00BF4RFH31;Globalny (DM);Akcje - małe spółki;ISHARES MSCI WORLD SMALL CAP UCITS ;iShares;Accumulating;IUSN;FRA;FRA:IUSN;;EUR
ETF;IE00B43HR379;USA;Akcje - ochrona zdrowia;ISHARES S&P 500 HEALTH CARE SECTOR UCITS ;iShares;Accumulating;IUHC;LON;LON:IUHC;;USD
ETF;IE00B43HR379;USA;Akcje - ochrona zdrowia;ISHARES S&P 500 HEALTH CARE SECTOR UCITS ;iShares;Accumulating;QDVG;FRA;FRA:QDVG;;EUR
ETF;LU0779800910;Chiny;Akcje;DB XTRACKERS CSI300 UCITS ETF;Xtrackers;Accumulating;XCHA;FRA;FRA:XCHA;;
ETF;DE000A0F5UF5;USA;Akcje;ISHARES NASDAQ100 UCITS ;iShares;Distributing;NDXEX;FRA;FRA:EXXT;;EUR
ETF;LU1681045370;Globalny (EM);Akcje;AMUNDI MSCI EMERGING MARKETS UCITS ;Amundi;Accumulating;AMEM;FRA;FRA:AMEM;;EUR
ETF;LU1681045370;Globalny (EM);Akcje;AMUNDI MSCI EMERGING MARKETS UCITS ;Amundi;Accumulating;AEEM;EPA;EPA:AEEM;;EUR
ETF;LU1781541179;Globalny (DM);Akcje;LYXOR CORE MSCI WORLD (DR) UCITS ETF ;Lyxor;Accumulating;LCWD;EPA;EPA:LCWD;;
ETF;LU0496786574;USA;Akcje;LYXOR S&P 500 UCITS ETF;Lyxor;Distributing;ETFSP500;WSE;WSE:ETFSP500;;PLN
ETF;IE00BP3QZ601;Globalny (DM);Akcje - factor;ISHARES EDGE MSCI WORLD QUALITY FACTOR UCITS ;iShares;Accumulating;IWQU;FRA;FRA:IS3Q;;EUR
ETF;IE00BP3QZ601;Globalny (DM);Akcje - factor;ISHARES EDGE MSCI WORLD QUALITY FACTOR UCITS ;iShares;Accumulating;IWQU;LON;LON:IWQU;;USD
ETF;LU0274211217;Europa;Akcje;DB XTRACKERS EURO STOXX 50 UCITS ;Xtrackers;Distributing;XESX;FRA;FRA:DBXE;XESX.F;
ETF;DE000A0F5UH1;Globalny;Akcje - dywidendy;ISHARES STOXX GLOBAL SELECT DIVIDEND 100 UCITS ;iShares;Distributing;SDGPEX;FRA;FRA:ISPA;ISPA.F;
ETF;IE00BYPLS672;Globalny;Akcje - technologia;L&G CYBER SECURITY UCITS;Amplify ETFs;Accumulating;USPY;FRA;FRA:USPY;;EUR
ETF;IE00BYPLS672;Globalny;Akcje - technologia;L&G CYBER SECURITY UCITS ;Amplify ETFs;Accumulating;USPY;LON;LON:USPY;;USD
ETF;DE000A0D8Q07;Europa;Akcje;ISHARES EURO STOXX UCITS ;iShares;Distributing;SXXEEX;FRA;FRA:EXSI;;
ETF;IE00B3VVMM84;Globalny (EM);Akcje;VANGUARD FTSE EMERGING MARKETS UCITS ;Vanguard;Distributing;VDEM;LON;LON:VDEM;;USD
ETF;IE00B3VVMM84;Globalny (EM);Akcje;VANGUARD FTSE EMERGING MARKETS UCITS;Vanguard;Distributing;VFEM;AMS;AMS:VFEM;;EUR
ETF;IE00B1TXK627;Globalny;Akcje - tematyczne;ISHARES GLOBAL WATER UCITS ;iShares;Distributing;DH2O;LON;LON:DH2O;;USD
ETF;IE00B1TXK627;Globalny;Akcje - tematyczne;ISHARES GLOBAL WATER UCITS;iShares;Distributing;IH2O;LON;LON:IH2O;;GBX
ETF;IE00B1TXK627;Globalny;Akcje - tematyczne;ISHARES GLOBAL WATER UCITS;iShares;Distributing;IQQQ;FRA;FRA:IQQQ;;EUR
ETF;IE00B44Z5B48;Globalny;Akcje;SPDR MSCI ACWI ETF ;SPDR;Accumulating;ACWE;EPA;EPA:ACWE;;EUR
ETF;IE00BKX55Q28;Wielka Brytania;Akcje;VANGUARD FTSE 250 UCITS ;Vanguard;Distributing;VMID;FRA;FRA:VMID;;
ETF;IE00BKX55Q28;Wielka Brytania;Akcje;VANGUARD FTSE 250 UCITS ;Vanguard;Distributing;VMID;LON;LON:VMID;;
ETF;IE00B53HP851;Wielka Brytania;Akcje;ISHARES COREFTSE 100 UCITS ETF (EUR);iShares;Accumulating;SXRW;FRA;FRA:SXRW;;EUR
ETF;IE00B53HP851;Wielka Brytania;Akcje;ISHARES FTSE 100 UCITS ETF;iShares;Accumulating;CUKX;LON;LON:CUKX;;GBX
ETF;IE00B5L8K969;Azja;Akcje;ISHARES MSCI EM ASIA UCITS ;iShares;Accumulating;CEA1;LON;LON:CEA1;;GBX
ETF;IE00B5L8K969;Azja;Akcje;ISHARES MSCI EM ASIA UCITS;iShares;Accumulating;CEMA;LON;LON:CEMA;;USD
ETF;IE00BFY0GT14;Globalny (DM);Akcje;SPDR MSCI WORLD UCITS ETF USD ;SPDR;Accumulating;SWRD;LON;LON:SWRD;;
ETF;IE00BFY0GT14;Globalny (DM);Akcje;SPDR MSCI WORLD UCITS ETF USD ;SPDR;Accumulating;SWRD;AMS;AMS:SWRD;;
ETF;IE00B1FZS467;Globalny;Akcje - tematyczne;ISHARES GLOBAL INFRASTRUCTURE UCITS ;iShares;Distributing;IQQI;FRA;FRA:IQQI;;EUR
ETF;IE00B1FZS467;Globalny;Akcje - tematyczne;ISHARES GLOBAL INFRASTRUCTURE UCITS ;iShares;Distributing;IDIN;LON;LON:IDIN;;USD
ETF;IE00B1FZS467;Globalny;Akcje - tematyczne;ISHARES GLOBAL INFRASTRUCTURE UCITS ;iShares;Distributing;INFR;AMS;AMS:INFR;;EUR
ETF;IE00BM67HK77;Globalny (DM);Akcje - ochrona zdrowia;DB XTRACKERS MSCI WORLD HEALTH CARE INDEX UCITS ;Xtrackers;Accumulating;XDWH;FRA;FRA:XDWH;;EUR
ETF;FR0011550177;USA;Akcje;BNP PARIBAS EASY S&P 500 UCITS ETF USD C;BNP Paribas;Accumulating;ESD;EPA;EPA:ESD;;USD
ETF;LU1681047236;Europa;Akcje;AMUNDI EURO STOXX 50 UCITS ETF DR EUR (C) ;Amundi;Accumulating;C50;EPA;EPA:C50;;EUR
ETF;LU0274209740;Japonia;Akcje;DB XTRACKERS MSCI JAPAN INDEX UCITS ;Xtrackers;Accumulating;XMJP;FRA;FRA:DBXJ;;EUR
ETF;LU0328475792;Europa;Akcje;DB XTRACKERS STOXX EUROPE 600 UCITS ;Xtrackers;Accumulating;XSX6;FRA;FRA:DX2X;;
ETF;LU1829219390;Europa;Akcje - finanse;LYXOR EURO STOXX BANKS (DR) UCITS ETF ;Lyxor;Accumulating;BNKE;EPA;EPA:BNKE;;
ETF;DE0005933923;Niemcy;Akcje - factor;ISHARES CORE MDAX UCITS ;iShares;Accumulating;MDAXEX;FRA;FRA:EXS3;;EUR
ETF;DE000A0Q4R85;Brazylia;Akcje;ISHARES MSCI BRAZIL UCITS ETF ;iShares;Accumulating;4BRZ;FRA;FRA:4BRZ;;
ETF;IE00B95PGT31;Japonia;Akcje;VANGUARD FTSE JAPAN UCITS ETF USD DIST;Vanguard;Distributing;VJPN;AMS;AMS:VJPN;;EUR
ETF;IE00BYML9W36;USA;Akcje;INVESCO S&P 500 UCITS ETF DIST;Invesco;Distributing;D500;FRA;FRA:D500;;
ETF;IE00BKX55S42;Europa;Akcje;VANGUARD FTSE DEVELOPED EUROPE EX UK UCITS ETF EUR;Vanguard;Distributing;VERX;AMS;AMS:VERX;;
ETF;IE00BKX55T58;Globalny (DM);Akcje;VANGUARD FTSE DEVELOPED WORLD UCITS ;Vanguard;Distributing;VGVE;FRA;FRA:VGVE;;EUR
ETF;IE00BKX55T58;Globalny (DM);Akcje;VANGUARD FTSE DEVELOPED WORLD UCITS ;Vanguard;Distributing;VDEV;LON;LON:VDEV;;USD
ETF;IE00BM67HT60;Globalny (DM);Akcje - technologia;DB XTRACKERS MSCI WORLD INFORMATION TECH UCITS ;Xtrackers;Accumulating;XDWT;FRA;FRA:XDWT;;
ETF;DE0006289309;Europa;Akcje - finanse;ISHARES EURO STOXX BANKS 3015 UCITS ;iShares;Distributing;SX7EEX;FRA;FRA:EXX1;;EUR
ETF;IE00BP3QZ825;Globalny (DM);Akcje - factor;ISHARES EDGE MSCI WORLD MOMENT UCITS;iShares;Accumulating;IS3R;FRA;FRA:IS3R;;EUR
ETF;IE00BP3QZ825;Globalny (DM);Akcje - factor;ISHARES EDGE MSCI WORLD MOMENT UCITS ;iShares;Accumulating;IWMO;LON;LON:IWMO;;USD
ETF;IE00B4L5YC18;Globalny (EM);Akcje;ISHARES MSCI EM UCITS ;iShares;Accumulating;EUNM;FRA;FRA:EUNM;;EUR
ETF;IE00B4L5YC18;Globalny (EM);Akcje;ISHARES MSCI EM UCITS ;iShares;Accumulating;IEMA;LON;LON:IEMA;;USD
ETF;IE00B6SPMN59;USA;Akcje - factor;ISHARES EDGE S&P 500 MINIMUM VOLATILITY UCITS ;iShares;Accumulating;IBCK;FRA;FRA:IBCK;;EUR
ETF;LU0514695690;Chiny;Akcje;DB XTRACKERS MSCI CHINA UCITS ;Xtrackers;Accumulating;XCS6;FRA;FRA:XCS6;;EUR
ETF;LU0839027447;Japonia;Akcje;DB XTRACKERS NIKKEI 225 UCITS ;Xtrackers;Distributing;XDJP;FRA;FRA:XDJP;;
ETF;IE00BG0J4C88;Globalny;Akcje - technologia;ISHARES DIGITAL SECURITY UCITS ETF;iShares;Accumulating;L0CK;FRA;FRA:L0CK;;EUR
ETF;IE00BG0J4C88;Globalny;Akcje - technologia;ISHARES DIGITAL SECURITY UCITS ETF;iShares;Accumulating;LOCK;LON;LON:LOCK;;USD
ETF;IE00BGHQ0G80;Globalny;Akcje;XTRACKERS MSCI AC WORLD UCITS ETF;Xtrackers;Accumulating;XMAW;FRA;FRA:XMAW;;
ETF;IE00BL25JM42;Globalny (DM);Akcje - factor;XTRACKERS MSCI WORLD VALUE UCITS ETF;Xtrackers;Accumulating;XDEV;FRA;FRA:XDEV;;
ETF;IE00BJ38QD84;USA;Akcje - małe spółki;SPDR RUSSELL 2000 U.S. SMALL CAP UCITS ETF (EUR);SPDR;Accumulating;ZPRR;FRA;FRA:ZPRR;;EUR
ETF;IE00BJ38QD84;USA;Akcje - małe spółki;SPDR RUSSELL2000 US SMALL CAP;SPDR;Accumulating;R2US;LON;LON:R2US;;USD
ETF;IE00BJ38QD84;USA;Akcje - małe spółki;SPDR RUSSELL2000 US SMALL CAP;SPDR;Accumulating;R2US;EPA;EPA:R2US;;EUR
ETF;IE00B52SF786;Kanada;Akcje;ISHARES MSCI CANADA UCITS ETF USD ;iShares;Accumulating;SXR2;FRA;FRA:SXR2;;EUR
ETF;IE00B52SF786;Kanada;Akcje;ISHARES MSCI CANADA UCITS ETF USD ;iShares;Accumulating;CCAU;LON;LON:CCAU;;USD
ETF;IE00B52SF786;Kanada;Akcje;ISHARES MSCI CANADA UCITS ETF USD ;iShares;Accumulating;CSCA;AMS;AMS:CSCA;;EUR
ETF;IE00BYZK4776;Globalny;Akcje - ochrona zdrowia;ISHARES HEALTHCARE INNOVATION UCITS ;iShares;Accumulating;2B78;FRA;FRA:2B78;;EUR
ETF;IE00BYZK4776;Globalny;Akcje - ochrona zdrowia;ISHARES HEALTHCARE INNOVATION UCITS ;iShares;Accumulating;HEAL;LON;LON:HEAL;;USD
ETF;IE00B1FZS350;Globalny (DM);Akcje - nieruchomości;ISHARES DEVELOPED MARKETS PROPERTY YIELD UCITS;iShares;Distributing;IQQ6;FRA;FRA:IQQ6;;EUR
ETF;IE00B1FZS350;Globalny (DM);Akcje - nieruchomości;ISHARES DEVELOPED MARKETS PROPERTY YIELD UCITS ;iShares;Distributing;IDWP;LON;LON:IDWP;;USD
ETF;IE00B1FZS350;Globalny (DM);Akcje - nieruchomości;ISHARES DEVELOPED MARKETS PROPERTY YIELD UCITS ;iShares;Distributing;IWDP;LON;LON:IWDP;;GBX
ETF;IE00B1FZS350;Globalny (DM);Akcje - nieruchomości;ISHARES DEVELOPED MARKETS PROPERTY YIELD UCITS ;iShares;Distributing;IWDP;AMS;AMS:IWDP;;EUR
ETF;IE00B0M63730;Azja;Akcje;ISHARES MSCI AC FAR EAST EXJAPAN UCITS ;iShares;Distributing;IFFF;LON;LON:IFFF;;GBX
ETF;IE00BZCQB185;Indie;Akcje;ISHARES MSCI INDIA UCITS ETF USD;iShares;Accumulating;QDV5;FRA;FRA:QDV5;;
ETF;IE00BZCQB185;Indie;Akcje;ISHARES MSCI INDIA UCITS ETF USD;iShares;Accumulating;NDIA;LON;LON:NDIA;;
ETF;IE00B4YBJ215;USA;Akcje;SPDR S&P 400 US MID CAP UCITS ;SPDR;Accumulating;SPY4;FRA;FRA:SPY4;;EUR
ETF;IE00B4YBJ215;USA;Akcje;SPDR S&P 400 US MID CAP UCITS ;SPDR;Accumulating;SPY4;LON;LON:SPY4;;USD
ETF;LU1829221024;USA;Akcje - technologia;LYXOR NASDAQ 100 UCITS ETF ;Lyxor;Accumulating;UST;EPA;EPA:UST;;EUR
ETF;DE000A0F5UJ7;Europa;Akcje - finanse;ISHARES STOXX EUROPE 600 BANKS UCITS ;iShares;Distributing;SX7PEX;FRA;FRA:EXV1;;
ETF;DE000ETFL011;Niemcy;Akcje;DEKA DAX UCITS;DEKA;Accumulating;ETFDAX;FRA;FRA:EL4A;;EUR
ETF;IE00B3VWM098;USA;Akcje - factor;ISHARES MSCI USA SMALL CAP UCITS ETF;iShares;Accumulating;SXRG;FRA;FRA:SXRG;;EUR
ETF;LU1834983477;Europa;Akcje - finanse;LYXOR STOXX EUROPEAN 600 BANKS UCITS ;Lyxor;Accumulating;BNK ;EPA;EPA:BNK;;EUR
ETF;LU1834983477;Europa;Akcje - finanse;LYXOR STOXX EUROPEAN 600 BANKS UCITS ;Lyxor;Accumulating;LBNK;FRA;FRA:LBNK;;EUR
ETF;IE00B4JNQZ49;USA;Akcje - finanse;ISHARES S&P 500 FINANCIALS SECTOR UCITS ;iShares;Accumulating;IUFS;LON;LON:IUFS;;USD
ETF;IE00B4JNQZ49;USA;Akcje - finanse;ISHARES S&P 500 FINANCIALS SECTOR UCITS ;iShares;Accumulating;QDVH;FRA;FRA:QDVH;;EUR
ETF;IE00B9CQXS71;Globalny;Akcje - dywidendy;SPDR GLOBAL DIVIDEND ARISTOCRATS ;SPDR;Distributing;GLDV;LON;LON:GLDV;;USD
ETF;IE00B9CQXS71;Globalny;Akcje - dywidendy;SPDR GLOBAL DIVIDEND ARISTOCRATS;SPDR;Distributing;ZPRG;FRA;FRA:ZPRG;;EUR
ETF;LU1681044480;Azja;Akcje;AMUNDI MSCI EM ASIA UCITS ETF EUR (C) ;Amundi;Accumulating;AASI;EPA;EPA:AASI;;EUR
ETF;LU0846194776;Europa;Akcje;DB XTRACKERS MSCI EMU INDEX UCITS ;Xtrackers;Distributing;XD5E;FRA;FRA:XD5E;;EUR
ETF;IE00B14X4N27;Europa;Akcje;ISHARES MSCI EUROPE EXUK UCITS ;iShares;Distributing;IEUX;LON;LON:IEUX;;GBX
ETF;IE00BJ5JPG56;Chiny;Akcje;ISHARES MSCI CHINA UCITS ETF;iShares;Accumulating;ICHN;AMS;AMS:ICHN;;USD
ETF;IE00BJ5JPG56;Chiny;Akcje;ISHARES MSCI CHINA UCITS ETF;iShares;Accumulating;ICGA;FRA;FRA:ICGA;;EUR
ETF;IE00BD1F4L37;USA;Akcje - factor;ISHARES EDGE MSCI USA QUALITY FACTOR UCITS ;iShares;Accumulating;QDVB;FRA;FRA:QDVB;;EUR
ETF;IE00B2QWCY14;USA;Akcje - małe spółki;ISHARES S&P SMALL CAP 600 UCITS ;iShares;Distributing;IDP6;LON;LON:IDP6;;USD
ETF;IE00B2QWCY14;USA;Akcje - małe spółki;ISHARES S&P SMALL CAP 600 UCITS ;iShares;Distributing;IUS3;FRA;FRA:IUS3;;EUR
ETF;IE00BJZ2DD79;USA;Akcje - factor;XTRACKERS RUSSELL 2000 UCITS ETF;Xtrackers;Accumulating;XRS2;FRA;FRA:XRS2;;
ETF;IE00B0M63060;Wielka Brytania;Akcje - dywidendy;ISHARES UK DIVIDEND UCITS ;iShares;Distributing;IUKD;LON;LON:IUKD;;GBX
ETF;IE00B0M63060;Wielka Brytania;Akcje - dywidendy;ISHARES UK DIVIDEND UCITS ;iShares;Distributing;IQQD;FRA;FRA:IQQD;;EUR
ETF;LU0378438732;Niemcy;Akcje;COMSTAGE DAX TR UCITS ;Comstage;Distributing;CBDAX;FRA;FRA:C001;;
ETF;IE00BFMXYP42;Wielka Brytania;Akcje;VANGUARD FTSE 100 UCITS ETF;Vanguard;Accumulating;VUKG;LON;LON:VUKG;;GBP
ETF;IE00B00FV128;Wielka Brytania;Akcje;ISHARES FTSE 250 UCITS ;iShares;Distributing;MIDD;LON;LON:MIDD;;GBX
ETF;IE00B5M1WJ87;Europa;Akcje - dywidendy;SPDR S&P EURO DIVIDEND ARISTOCRATS UCITS ;SPDR;Distributing;SPYW;FRA;FRA:SPYW;;
ETF;IE00B5M1WJ87;Europa;Akcje - dywidendy;SPDR S&P EURO DIVIDEND ARISTOCRATS UCITS ;SPDR;Distributing;EUDV;EPA;EPA:EUDV;;
ETF;IE00B466KX20;Azja;Akcje;SPDR MSCI EMERGING MARKETS ASIA UCITS ;SPDR;Accumulating;EMAD;LON;LON:EMAD;;USD
ETF;LU0274221281;Szwajcaria;Akcje - duże spółki;DB XTRACKERS SWISS LARGE CAP UCITS ;Xtrackers;Distributing;XSMI;FRA;FRA:DBXS;;
ETF;DE0006289382;Globalny;Akcje - tematyczne;ISHARES DOW JONES GLOBAL TITANS 50 UCITS;iShares;Distributing;EXI2;FRA;FRA:EXI2;;EUR
ETF;IE00B0M63284;Europa;Akcje - nieruchomości;ISHARES EUROPEAN PROPERTY YIELD UCITS ;iShares;Distributing;IQQP;FRA;FRA:IQQP;;
ETF;IE00B0M63284;Europa;Akcje - nieruchomości;ISHARES EUROPEAN PROPERTY YIELD UCITS;iShares;Distributing;IPRP;LON;LON:IPRP;;
ETF;IE00B0M63284;Europa;Akcje - nieruchomości;ISHARES EUROPEAN PROPERTY YIELD UCITS;iShares;Distributing;IPRP;AMS;AMS:IPRP;;
ETF;IE00B02KXH56;Japonia;Akcje;ISHARES MSCI JAPAN UCITS;iShares;Distributing;IJPN;LON;LON:IJPN;;GBX
ETF;LU0533033667;Globalny (DM);Akcje - technologia;LYXOR MSCI WORLD INFORMATION TECHNOLOGY UCITS;Lyxor;Accumulating;LYPG;FRA;FRA:LYPG;;EUR
ETF;DE000ETFL060;Niemcy;Akcje;DEKA DAX AUSSCH UCITS ;DEKA;Distributing;ETFDAXK;FRA;FRA:EL4F;;EUR
ETF;IE00B14X4M10;USA;Akcje;ISHARES MSCI NORTH AMERICA UCITS ETF USD;iShares;Distributing;IDNA;LON;LON:IDNA;;USD
ETF;IE00B14X4M10;USA;Akcje;ISHARES MSCI NORTH AMERICA UCITS ETF USD;iShares;Distributing;INAA;AMS;AMS:INAA;;EUR
ETF;IE00B53L4350;USA;Akcje;ISHARES DOW JONES INDUSTRIAL AVERAGE UCITS ;iShares;Accumulating;SXRU;FRA;FRA:SXRU;;EUR
ETF;IE00B53L4350;USA;Akcje;ISHARES DOW JONES INDUSTRIAL AVERAGE UCITS ;iShares;Accumulating;CIND;LON;LON:CIND;;USD
ETF;IE00BYZK4883;Globalny;Akcje - technologia;ISHARES DIGITALISATION UCITS;iShares;Accumulating;2B79;FRA;FRA:2B79;;EUR
ETF;IE00BYZK4883;Globalny;Akcje - technologia;ISHARES DIGITALISATION UCITS ;iShares;Accumulating;DGTL;LON;LON:DGTL;;USD
ETF;FR0010429068;Globalny (EM);Akcje;LYXOR MSCI EMERGING MARKETS UCITS ETF EUR ;Lyxor;Accumulating;LEM;EPA;EPA:LEM;;EUR
ETF;IE00B9F5YL18;Azja;Akcje;VANGUARD FTSE DEVELOPED ASPAC EX JAPAN USD ETF ;Vanguard;Distributing;VDPX;LON;LON:VDPX;;USD
ETF;IE00B9F5YL18;Azja;Akcje;VANGUARD FTSE DEVELOPED ASPAC EX JAPAN USD ETF ;Vanguard;Distributing;VAPX;AMS;AMS:VAPX;;EUR
ETF;IE00B6R52143;Globalny;Akcje - tematyczne;ISHARES AGRIBUSINESS UCITS ETF USD ;iShares;Accumulating;ISAG;LON;LON:ISAG;;USD
ETF;IE00B1TXHL60;Globalny;Akcje - tematyczne;ISHARES LISTED PRIVATE EQUITY UCITS ETF USD ;iShares;Distributing;IPRV;LON;LON:IPRV;;GBX
ETF;IE00B1TXHL60;Globalny;Akcje - tematyczne;ISHARES LISTED PRIVATE EQUITY UCITS ETF USD ;iShares;Distributing;IDPE;LON;LON:IDPE;;USD
ETF;IE00BF0M2Z96;Globalny;Akcje - technologia;L&G BATTERY VALUECHAIN UCITS ETF;Amplify ETFs;Accumulating;BATT;LON;LON:BATT;;
ETF;IE00BF0M2Z96;Globalny;Akcje - technologia;L&G BATTERY VALUECHAIN UCITS ETF;Amplify ETFs;Accumulating;BATT;AMS;AMS:BATT;;
ETF;IE00BK5BQV03;Globalny (DM);Akcje;VANGUARD FTSE DEVELOPED WORLD UCITS ETF USD ;Vanguard;Accumulating;VHVE;LON;LON:VHVE;;USD
ETF;IE00BMW3QX54;Globalny (DM);Akcje - technologia;L&G ROBO GLOBAL ROBOTICS AND AUTOMATION UCITS ETF;L&G;Accumulating;QVMP;FRA;FRA:IROB;;EUR
ETF;DE0005933972;Europa;Akcje - technologia;ISHARES TECDAX UCITS ;iShares;Accumulating;TDXPEX;FRA;FRA:EXS2;;
ETF;GB00B15KXV33;Globalny;Surowce energetyczne;WISDOMTREE WTI CRUDE OIL ;WisdomTree;Accumulating;CRUD;LON;LON:CRUD;;USD
ETF;GB00B15KXV33;Globalny;Surowce energetyczne;WISDOMTREE WTI CRUDE OIL ;WisdomTree;Accumulating;CRUDP;EPA;EPA:CRUDP;;
ETF;IE00B0M62S72;Europa;Akcje - dywidendy;ISHARES EURO DIVIDEND UCITS ;iShares;Distributing;IDVY;AMS;AMS:IDVY;;EUR
ETF;IE00B0M62S72;Europa;Akcje - dywidendy;ISHARES EURO DIVIDEND UCITS ;iShares;Distributing;IDVY;LON;LON:IDVY;;GBX
ETF;IE00BYXVGX24;USA;Akcje - dywidendy;FIDELITY US QUALITY INCOME UCITS ETF INCOME USD SHARES;Fidelity;Distributing;FUSD;LON;LON:FUSD;;
ETF;LU1681046931;Francja;Akcje;AMUNDI CAC 40 UCITS ETF DR EUR (C) ;Amundi;Accumulating;C40;EPA;EPA:C40;;EUR
ETF;IE00B86MWN23;Europa;Akcje - factor;ISHARES EDGE MSCI EUROPE MINIMUM VOLATILITY UCITS;iShares;Accumulating;EUN0;FRA;FRA:EUN0;;EUR
ETF;IE00BYZK4669;Globalny;Akcje - tematyczne;ISHARES AGEING POPULATION UCITS ;iShares;Accumulating;2B77;FRA;FRA:2B77;;EUR
ETF;IE00BYZK4669;Globalny;Akcje - tematyczne;ISHARES AGEING POPULATION UCITS ;iShares;Accumulating;AGED;LON;LON:AGED;;USD
ETF;IE00BMC38736;Globalny;Akcje - technologia;VANECK VECTORS SEMICONDUCTOR UCITS ETF;VanEck;Accumulating;SMH;LON;LON:SMH;;USD
ETF;IE00BMC38736;Globalny;Akcje - technologia;VANECK VECTORS SEMICONDUCTOR UCITS ETF;VanEck;Accumulating;VVSM;FRA;FRA:VVSM;;EUR
ETF;IE00BD45KH83;Globalny (EM);Akcje;ISHARES CORE MSCI EM IMI UCITS ETF USD ;iShares;Distributing;EIMU;LON;LON:EIMU;;USD
ETF;IE00BL25JP72;Globalny (DM);Akcje - factor;XTRACKERS MSCI WORLD MOMENTUM UCITS ETF;Xtrackers;Accumulating;XDEM;FRA;FRA:XDEM;;
ETF;IE00BM67HN09;Globalny (DM);Akcje - tematyczne;DB XTRACKERS MSCI WORLD CONSUMER STAPLES UCITS;Xtrackers;Accumulating;XDWS;FRA;FRA:XDWS;;EUR
ETF;LU0322253906;Europa;Akcje - małe spółki;DB XTRACKERS MSCI EUROPE SMALL CAP INDEX UCITS;Xtrackers;Accumulating;XXSC;FRA;FRA:DX2J;;
ETF;IE00B8BVCK12;Globalny (DM);Akcje;ISHARES MSCI WORLD CHF HEDGED UCITS ETF;iShares;Accumulating;IWDC;SWX;SWX:IWDC;;
ETF;LU0292107645;Globalny (EM);Akcje;DB XTRACKERS EMERGING MARKETS INDEX UCITS ;Xtrackers;Accumulating;XMEM;FRA;FRA:DBX1;;
ETF;LU0292096186;Globalny;Akcje - dywidendy;DB XTRACKERS STOXX GLOBAL SELECT DIV100 UCITS;Xtrackers;Distributing;XGSD;FRA;FRA:DXSB;;
ETF;IE00B02KXK85;Chiny;Akcje - duże spółki;ISHARES CHINA LARGE CAP UCITS ;iShares;Distributing;FXC;LON;LON:FXC;;GBX
ETF;IE00B02KXK85;Chiny;Akcje - duże spółki;ISHARES CHINA LARGE CAP UCITS ;iShares;Distributing;FXC;AMS;AMS:FXC;;EUR
ETF;DE000A0Q4R36;Europa;Akcje - ochrona zdrowia;ISHARES STOXX EUROPE 600 HEALTH CARE UCITS ;iShares;Distributing;SXDPEX;FRA;FRA:EXV4;;
ETF;IE00BYYHSQ67;Globalny (DM);Akcje - dywidendy;ISHARES MSCI WORLD QUALITYDIV UCITS ETF USD ;iShares;Distributing;WQDV;LON;LON:WQDV;;
ETF;IE00BCBJG560;Globalny (DM);Akcje - małe spółki;SPDR MSCI WORLD SMALL CAP ETF;SPDR;Accumulating;ZPRS;FRA;FRA:ZPRS;;
ETF;LU0489337690;Europa;Akcje - nieruchomości;DB XTRACKERS FTSE DEVELOPED EUROPE REAL ESTATE UCITS ;Xtrackers;Accumulating;D5BK;FRA;FRA:D5BK;;
ETF;IE00BGL86Z12;Globalny;Akcje - technologia;ISHARES ELECTRIC VEHICLES & DRIVING TECHNOLOGY UCITS;iShares;Accumulating;IEVD;FRA;FRA:IEVD;;EUR
ETF;IE00BGL86Z12;Globalny;Akcje - technologia;ISHARES ELECTRIC VEHICLES & DRIVING TECHNOLOGY UCITS ;iShares;Accumulating;ECAR;LON;LON:ECAR;;USD
ETF;IE00BD3RYZ16;Szwecja;Akcje;ISHARES OMX STOCKHOLM CAPPED UCITS;iShares;Accumulating;OMXS;LON;LON:OMXS;;
ETF;IE00BQ70R696;USA;Akcje - technologia;INVESCO NASDAQ BIOTECH UCITS ;Invesco;Accumulating;SBIO;LON;LON:SBIO;;
ETF;IE00B0M62Y33;Holandia;Akcje;ISHARES AEX UCITS;iShares;Distributing;IAEX;LON;LON:IAEX;;
ETF;IE00B0M62Y33;Holandia;Akcje;ISHARES AEX UCITS;iShares;Distributing;IAEX;AMS;AMS:IAEX;;
ETF;IE00B5377D42;Australia;Akcje;ISHARES MSCI AUSTRLIA UCITS ;iShares;Accumulating;IBC6;FRA;FRA:IBC6;;EUR
ETF;IE00B5377D42;Australia;Akcje;ISHARES MSCI AUSTRLIA UCITS ;iShares;Accumulating;SAUS;LON;LON:SAUS;;GBX
ETF;IE00B5377D42;Australia;Akcje;ISHARES MSCI AUSTRLIA UCITS ;iShares;Accumulating;IAUS;LON;LON:IAUS;;USD
ETF;LU0252633754;Niemcy;Akcje;LYXOR DAX UCITS ETF;Lyxor;Accumulating;ETFDAX;WSE;WSE:ETFDAX;;
ETF;IE00B42TW061;Wielka Brytania;Akcje;HSBC FTSE 100 UCITS ;HSBC;Distributing;UKX;EPA;EPA:UKX;;
ETF;FR0010361683;Indie;Akcje;LYXOR MSCI INDIA UCITS ;Lyxor;Accumulating;INR;EPA;EPA:INR;;EUR
ETF;FR0010361683;Indie;Akcje;LYXOR MSCI INDIA UCITS ;Lyxor;Accumulating;LYXINR;FRA;FRA:LYMD;;EUR
ETF;DE0002635281;Europa;Akcje - dywidendy;ISHARES EURO STOXX SELECT DIVIDEND 30 UCITS ;iShares;Distributing;SD3EEX;FRA;FRA:EXSG;;EUR
ETF;IE00B40B8R38;USA;Akcje - tematyczne;ISHARES S&P 500 CONS STAPLES SEC UCITS ETF;iShares;Accumulating;IUCS;LON;LON:IUCS;;USD
ETF;IE00BK5BQX27;Europa;Akcje;VANGUARD FTSE DEVELOPED EUROPE UCITS ETF;Vanguard;Accumulating;VWCG;FRA;FRA:VWCG;;EUR
ETF;IE0008470928;Europa;Akcje;ISHARES STOXX EUROPE 50 UCITS ;iShares;Distributing;EUN;LON;LON:EUN;;GBX
ETF;DE0002635273;Europa;Akcje - dywidendy;ISHARES DIVDAX UCITS ;iShares;Distributing;DDAXKEX;FRA;FRA:EXSB;;EUR
ETF;IE00B3VWMM18;Europa;Akcje - małe spółki;ISHARES MSCI EMU SMALL CAP UCITS ;iShares;Accumulating;SXRJ;FRA;FRA:SXRJ;;
ETF;IE00BGV5VN51;Globalny;Akcje - technologia;XTRACKERS ARTIFIC INTELLIG AND BIGDATAUCITS ETF 1C ;Xtrackers;Accumulating;XAIX;FRA;FRA:XAIX;;EUR
ETF;IE00BMYDM794;Globalny;Akcje - tematyczne;L&G HYDROGEN ECONOMY UCITS;L&G;Accumulating;HTMW;FRA;FRA:HTMW;;
ETF;IE00BMYDM794;Globalny;Akcje - tematyczne;L&G HYDROGEN ECONOMY UCITS;L&G;Accumulating;HTWO;LON;LON:HTWO;;
ETF;IE00B1TXLS18;Europa;Akcje - nieruchomości;ISHARES UK PROPERTY UCITS ;iShares;Distributing;IUKP;LON;LON:IUKP;;
ETF;IE00B3DWVS88;Globalny (EM);Akcje;INVESCO MSCI EMERGING MARKETS UCITS ETF;Invesco;Accumulating;MXFS;LON;LON:MXFS;;
ETF;IE00BKM4H312;USA;Akcje - dywidendy;ISHARES MSCI USA QLTY DIVIDEND UCITS ETF USD DIS ;iShares;Distributing;QDIV;LON;LON:QDIV;;USD
ETF;GB00B15KYG56;Globalny;Metale przemysłowe;WISDOMTREE INDUSTRIAL METALS;WisdomTree;Accumulating;AIGI;LON;LON:AIGI;;USD
ETF;IE00BYYHSM20;Europa;Akcje - dywidendy;ISHARES MSCI EUROPE QUALITY DIV ETF EUR ;iShares;Distributing;QDVX;FRA;FRA:QDVX;;
ETF;IE00B1FZSF77;USA;Akcje - nieruchomości;ISHARES US PROPERTY YIELD UCITS;iShares;Distributing;IQQ7;FRA;FRA:IQQ7;;EUR
ETF;IE00B1FZSF77;USA;Akcje - nieruchomości;ISHARES US PROPERTY YIELD UCITS ;iShares;Distributing;IUSP;LON;LON:IUSP;;GBX
ETF;IE00B1FZSF77;USA;Akcje - nieruchomości;ISHARES US PROPERTY YIELD UCITS ETF;iShares;Distributing;IDUP;LON;LON:IDUP;;USD
ETF;IE00BWBXM617;USA;Akcje - ochrona zdrowia;SPDR S&P US HEALTH CARE SELECT SECTOR UCITS ETF ;SPDR;Accumulating;ZPDH;FRA;FRA:ZPDH;;EUR
ETF;IE00BM67HL84;Globalny (DM);Akcje - finanse;DB XTRACKERS MSCI WORLD FINANCIAL UCITS ;Xtrackers;Accumulating;XDWF;FRA;FRA:XDWF;;EUR
ETF;IE00BYWQWR46;Globalny;Akcje - technologia;VANECK VECTORS VIDEO GAMING AND ESPORTS UCITS ;VanEck;Accumulating;ESP0;FRA;FRA:ESP0;;
ETF;IE00BYWQWR46;Globalny;Akcje - technologia;VANECK VECTORS VIDEO GAMING AND ESPORTS UCITS ;VanEck;Accumulating;ESGB;LON;LON:ESGB;;
ETF;IE00B4KBBD01;USA;Akcje - tematyczne;ISHARES S&P500 UTILITIES UCITS ;iShares;Accumulating;IUUS;LON;LON:IUUS;;USD
ETF;IE00B4KBBD01;USA;Akcje - tematyczne;ISHARES S&P500 UTILITIES UCITS ;iShares;Accumulating;2B7A;FRA;FRA:2B7A;;EUR
ETF;IE00B9MRHC27;Skandynawia;Akcje;DB XTRACKERS MSCI NORDIC UCITS ;Xtrackers;Distributing;XDN0;FRA;FRA:XDN0;;
ETF;IE00BQQP9H09;USA;Akcje - tematyczne;VANECK VECTORS MORNINGSTAR US WIDE MOAT UCITS ETF;VanEck;Accumulating;MOAT;LON;LON:MOAT;;USD
ETF;IE00BQQP9H09;USA;Akcje - tematyczne;VANECK VECTORS MORNINGSTAR US WIDE MOAT UCITS ETF;VanEck;Accumulating;GMVM;FRA;FRA:GMVM;;EUR
ETF;LU0875160326;Chiny;Akcje;XTRACKERS HARVEST CSI300 UCITS ;Xtrackers;Distributing;RQFI;FRA;FRA:RQFI;;
ETF;LU0659580079;Japonia;Akcje;DB XTRACKERS MSCI JAPAN UCITS ;Xtrackers;Accumulating;XMK9;FRA;FRA:XMK9;;EUR
ETF;IE00BWBXM948;USA;Akcje - tematyczne;SPDR S&P US TECHNOLOGY SELECT SECTOR UCITS ETF;State Street;Accumulating;ZPDT;FRA;FRA:ZPDT;;EUR
ETF;IE00B52SFT06;USA;Akcje;ISHARES MSCI USA UCITS ETF USD;iShares;Accumulating;CSUS;AMS;AMS:CSUS;;EUR
ETF;IE00B652H904;Globalny (EM);Akcje - dywidendy;ISHARES EMERGING MARKETS DIVIDEND UCITS;iShares;Distributing;IEDY;LON;LON:IEDY;;USD
ETF;IE00B652H904;Globalny (EM);Akcje - dywidendy;ISHARES EMERGING MARKETS DIVIDEND UCITS;iShares;Distributing;EUNY;FRA;FRA:EUNY;;EUR
ETF;IE00B3YLTY66;Globalny;Akcje;SPDR MSCI ACWI IMI UCITS;State Street;Accumulating;SPYJ;FRA;FRA:SPYI;;EUR
ETF;IE00BZ0PKT83;Globalny (DM);Akcje - factor;ISHARES EDGE MSCI WLD MULTIFACTOR UCTS ETF USD ;iShares;Accumulating;IBCZ;FRA;FRA:IBCZ;;EUR
ETF;LU1900068914;Chiny;Akcje;LYXOR CHINA ENTERPRISE (HSCEI) UCITS ETF ;Lyxor;Accumulating;ASI;EPA;EPA:ASI;;
ETF;LU0292107991;Azja;Akcje;DB XTRACKERS EM ASIA UCITS ;Xtrackers;Accumulating;XMAS;FRA;FRA:DBX2;;
ETF;IE00BYXG2H39;USA;Akcje - technologia;ISHARES NASDAQ US BIOTECHNOLOGY ETF USD ;iShares;Accumulating;2B70;FRA;FRA:2B70;;EUR
ETF;IE00BYXG2H39;USA;Akcje - technologia;ISHARES NASDAQ US BIOTECHNOLOGY ETF USD ;iShares;Accumulating;BTEC;LON;LON:BTEC;;USD
ETF;LU0322252171;Azja;Akcje;DB XTRACKERS MSCI AC ASIA EX JAPAN SWAP UCITS ;Xtrackers;Accumulating;XAXJ;FRA;FRA:DXS5;;
ETF;IE000I8KRLL9;Globalny;Akcje - technologia;ISHARES MSCI GLOBAL SEMICONDUCTORS UCITS;iShares;Accumulating;SEC0;FRA;FRA:SEC0;;EUR
ETF;DE000A0D8Q49;USA;Akcje - dywidendy;ISHARES DOW JONES U.S. SELECT DIVIDEND UCITS;iShares;Distributing;DJDVPEX;FRA;FRA:EXX5;;EUR
ETF;IE00BHZRR030;Korea;Akcje;FRANKLIN FTSE KOREA UCITS;Franklin;Accumulating;LFXK;LON;LON:FLXK;;USD
ETF;IE00BD1F4N50;USA;Akcje - factor;ISHARES EDGE MSCI USA MOMENTUM FACTOR UCITS;iShares;Accumulating;QDVA;FRA;FRA:QDVA;;EUR
ETF;IE00BD1F4N50;USA;Akcje - factor;ISHARES EDGE MSCI USA MOMENTUM FACTOR UCITS ;iShares;Accumulating;IUMO;LON;LON:IUMO;;USD
ETF;IE00B3WMTH43;USA;Akcje - ochrona zdrowia;INVESCO HEALTH CARE S&P US SELECT SECTOR UCITS ETF;Invesco;Accumulating;XLVS;LON;LON:XLVS;;
ETF;IE00BBQ2W338;Azja;Akcje;HSBC MSCI AC FAR EAST EX JAPAN UCITS ETF ;HSBC;Accumulating;HMAD;LON;LON:HMAD;;
ETF;IE00B3VSSL01;USA;Akcje - technologia;INVESCO US TECHNOLOGY SECTOR UCITS ETF;Invesco;Accumulating;XLKS;LON;LON:XLKS;;USD
ETF;LU1681048630;Globalny;Akcje - tematyczne;AMUNDI S&P GLOBAL LUXURY UCITS;Amundi;Accumulating;GLUX;EPA;EPA:GLUX;;EUR
ETF;LU1681048630;Globalny;Akcje - tematyczne;AMUNDI S&P GLOBAL LUXURY UCITS;Amundi;Accumulating;GLUX;FRA;FRA:GLUX;;EUR
ETF;IE00BMW42181;Europa;Akcje - ochrona zdrowia;ISHARES MSCI EUROPE HEALTH CARE SECTOR UCITS ETF;iShares;Accumulating;ESIH;FRA;FRA:ESIH;;
ETF;IE00B23D8S39;USA;Akcje;INVESCO FTSE RAFI US 1000 UCITS ETF;Invesco;Distributing;PRUS;LON;LON:PRUS;;
ETF;LU2009202107;Globalny (EM);Akcje;LYXOR MSCI EMERGING MARKETS EX CHINA UCITS ETF - ACC EM;Lyxor;Accumulating;EMXC;FRA;FRA:EMXC;;
ETF;IE00BFXR7892;Chiny;Akcje - technologia;KRANESHARES CSI CHINA INTERNET UCITS ETF EM;KraneShares;Accumulating;KWEB;LON;LON:KWEB;;USD
ETF;IE00B5W4TY14;Korea;Akcje;ISHARES MSCI KOREA UCITS ETF USD (ACC);iShares;Accumulating;CSKR;LON;LON:CSKR;;USD
ETF;DE0002635299;Europa;Akcje - dywidendy;ISHARES STOXX EUROPE SELECT DIVIDEND 30 UCITS ;iShares;Distributing;SD3PEX;FRA;FRA:EXSH;;EUR
ETF;IE00B1FZS244;Azja;Akcje - nieruchomości;ISHARES ASIA PROPERTY YIELD UCITS ;iShares;Distributing;IQQ4;FRA;FRA:IQQ4;;EUR
ETF;IE00B1FZS244;Azja;Akcje - nieruchomości;ISHARES ASIA PROPERTY YIELD UCITS ;iShares;Distributing;IASP;LON;LON:IASP;;GBX
ETF;IE00B1FZS244;Azja;Akcje - nieruchomości;ISHARES ASIA PROPERTY YIELD UCITS ;iShares;Distributing;IASP;AMS;AMS:IASP;;EUR
ETF;DE000A0KRJU0;Globalny;Metale przemysłowe;WISDOMTREE COPPER ;WisdomTree;Accumulating;OD7C;FRA;FRA:OD7C;;
ETF;IE00BK5BC891;Globalny;Akcje - tematyczne;L&G CLEAN WATER UCITS;L&G;Accumulating;XMLC;FRA;FRA:XMLC;;
ETF;IE00BK5BR626;Globalny;Akcje - dywidendy;VANGUARD FTSE ALL-WORLD HIGH DIVIDEND YIELD UCITS ;Vanguard;Accumulating;VHYA;LON;LON:VHYA;;USD
ETF;IE00BYYR0489;Arabia Saudyjska;Akcje;ISHARES MSCI SAUDI ARABIA CAPPED UCITS ;iShares;Accumulating;IUSS;FRA;FRA:IUSS;;
ETF;DE000A0H08K7;Europa;Akcje - finanse;ISHARES STOXX EUROPE 600 INSURANCE UCITS ;iShares;Distributing;SXIPEX;FRA;FRA:EXH5;;
ETF;IE00B42Q4896;USA;Akcje - finanse;INVESCO US FINANCIALS SECTOR UCITS ETF;Invesco;Accumulating;XLFS;LON;LON:XLFS;;USD
ETF;IE00BYTRRD19;Globalny (DM);Akcje - technologia;SPDR MSCI WORLD TECHNOLOGY UCITS ;State Street;Accumulating;WTCH;AMS;AMS:WTCH;;EUR
ETF;IE00B14X4T88;Azja;Akcje - dywidendy;ISHARES ASIA PACIFIC DIVIDEND UCITS ETF USD ;iShares;Distributing;IAPD;LON;LON:IAPD;;GBX
ETF;IE00B14X4T88;Azja;Akcje - dywidendy;ISHARES ASIA PACIFIC DIVIDEND UCITS ETF USD ;iShares;Distributing;IAPD;AMS;AMS:IAPD;;EUR
ETF;IE00BYVQ9F29;USA;Akcje;ISHARES NASDAQ 100 UCITS ETF;iShares;Accumulating;NQSE;FRA;FRA:NQSE;;EUR
ETF;IE00B5SG8Z57;Azja;Akcje;HSBC MSCI PACIFIC EX JAPAN UCITS ETF;HSBC;Distributing;MXJ;EPA;EPA:MXJ;;
ETF;IE00B0M63391;Korea;Akcje;ISHARES MSCI KOREA UCITS ;iShares;Distributing;IKOR;LON;LON:IKOR;;
ETF;IE00B0M63391;Korea;Akcje;ISHARES MSCI KOREA UCITS;iShares;Distributing;IKRA;AMS;AMS:IKRA;;
ETF;GB00B15KXQ89;Globalny;Metale przemysłowe;WISDOMTREE COPPER;WisdomTree;Accumulating;COPA;LON;LON:COPA;;USD
ETF;LU0838782315;Niemcy;Akcje - dywidendy;DB XTRACKERS DAX INCOME UCITS;Xtrackers;Distributing;XDDX;FRA;FRA:XDDX;;
ETF;IE00BZ56RG20;USA;Akcje - dywidendy;WISDOMTREE US QUALITY DIVIDEND GROWTH UCITS ETF;WisdomTree;Accumulating;DGRG;LON;LON:DGRG;;GBX
ETF;FR0010411884;Francja;Akcje - short - lev;LYXOR CAC 40 DAILY (2X) INVERSE UCITS ETF ;Lyxor;Accumulating;BX4;EPA;EPA:BX4;;EUR
ETF;IE00BKLF1R75;Globalny;Akcje - technologia;WISDOMTREE BATTERY SOLUTIONS UCITS ETF - ACC;WIsdomTree;Accumulating;W1TA;FRA;FRA:W1TA;;EUR
ETF;IE00BKLF1R75;Globalny;Akcje - technologia;WISDOMTREE BATTERY SOLUTIONS UCITS ETF - ACC;WIsdomTree;Accumulating;VOLT;LON;LON:VOLT;;USD
ETF;IE00BKLF1R75;Globalny;Akcje - technologia;WISDOMTREE BATTERY SOLUTIONS UCITS ETF - ACC;WIsdomTree;Accumulating;CHRG;LON;LON:CHRG;;GBX
ETF;FR0010251744;Hiszpania;Akcje;LYXOR IBEX 35 (DR) UCITS ETF;Lyxor;Distributing;LYXIB;BME;BME:LYXIB;;EUR
ETF;GB00B15KYH63;Globalny;Surowce rolne;WISDOMTREE AGRICULTURE ETF;WisdomTree;Accumulating;AIGA;LON;LON:AIGA;;USD
ETF;IE00B0M63623;Tajwan;Akcje;ISHARES MSCI TAIWAN UCITS ETF USD ;iShares;Distributing;ITWN;AMS;AMS:ITWN;;
ETF;IE00B469F816;Globalny (EM);Akcje;SPDR MSCI EMERGING MARKETS UCITS ;SPDR;Accumulating;EMRD;LON;LON:EMRD;;
ETF;IE00B469F816;Globalny (EM);Akcje;SPDR MSCI EMERGING MARKETS UCITS ;SPDR;Accumulating;EMRG;EPA;EPA:EMRG;;
ETF;LU0292106241;Niemcy;Akcje - short;DB XTRACKERS SHORTDAX DAILY UCITS;Xtrackers;Accumulating;XSDX;FRA;FRA:DXSN;;
ETF;IE00B02KXL92;Europa;Akcje - średnie spółki;ISHARES EURO STOXX MID UCITS;iShares;Distributing;IQQM;FRA;FRA:IQQM;;
ETF;IE00BGDQ0L74;Europa;Akcje - nieruchomości;ISHARES EUROPEAN PROPERTY YIELD UCITS ETF EUR ;iShares;Accumulating;IPRE;FRA;FRA:IPRE;;EUR
ETF;LU0322253229;Globalny;Akcje - tematyczne;DB XTRACKERS S&P GLOBAL INFRASTRURE UCITS ;Xtrackers;Accumulating;XSGI;FRA;FRA:DX2E;;
ETF;IE00BK5BR733;Globalny (EM);Akcje;VANGUARD FTSE EMERGING MARKETS UCITS ETF USD ;Vanguard;Accumulating;VFEA;FRA;FRA:VFEA;;EUR
ETF;IE00BK5BR733;Globalny (EM);Akcje;VANGUARD FTSE EMERGING MARKETS UCITS ETF USD ;Vanguard;Accumulating;VFEA;LON;LON:VFEA;;USD
ETF;IE00BSPLC413;USA;Akcje - małe spółki;SPDR MSCI USA SMALL CAP VALUE WEIGHTED UCITS ETF;SPDR;Accumulating;ZPRV;FRA;FRA:ZPRV;;EUR
ETF;FR0011119171;USA;Akcje - factor;LYXOR RUSSELL 1000 GROWTH UCITS ;Lyxor;Accumulating;RUSG;LON;LON:RUSG;;USD
ETF;IE00BJGWQN72;USA;Akcje - technologia;WISDOMTREE CLOUD COMPUTING UCITS ;WisdomTree;Accumulating;WTEJ;FRA;FRA:WTEJ;;EUR
ETF;IE00BJGWQN72;USA;Akcje - technologia;WISDOMTREE CLOUD COMPUTING UCITS ;WisdomTree;Accumulating;WCLD;LON;LON:WCLD;;USD
ETF;IE00B8KGV557;Globalny (EM);Akcje - factor;ISHARES EDGE MSCI EM MINIMUM VOLATILITY UCITS;iShares;Accumulating;EUNZ;FRA;FRA:EUNZ;;EUR
ETF;IE00B8KGV557;Globalny (EM);Akcje - factor;ISHARES EDGE MSCI EM MINIMUM VOLATILITY UCITS ;iShares;Accumulating;EMMV;LON;LON:EMMV;;USD
ETF;IE00BKWQ0G16;Europa;Akcje - finanse;SPDR MSCI EUROPE FINANCIALS UCITS ETF ;SPDR;Accumulating;STZ;EPA;EPA:STZ;;
ETF;IE00BKWQ0G16;Europa;Akcje - finanse;SPDR MSCI EUROPE FINANCIALS UCITS ETF ;SPDR;Accumulating;SPYZ;FRA;FRA:SPYZ;;
ETF;IE00B0M63516;Brazylia;Akcje;ISHARES MSCI BRAZIL UCITS ETF;iShares;Distributing;IBZL;AMS;AMS:IBZL;;EUR
ETF;LU0322252924;Wietnam;Akcje;FTSE VIETNAM SWAP UCITS ;FTSE;Accumulating;XFVT;FRA;FRA:DXS7;;
ETF;IE00BDVPNG13;Globalny;Akcje - technologia;WISDOMTREE ARTIFICIAL INTELLIGENCE UCITS ETF ACC;WIsdomTree;Accumulating;WTI2;FRA;FRA:WTI2;;EUR
ETF;IE00BDVPNG13;Globalny;Akcje - technologia;WISDOMTREE ARTIFICIAL INTELLIGENCE UCITS ETF ACC;WIsdomTree;Accumulating;WTAI;LON;LON:WTAI;;USD
ETF;IE00B4MCHD36;USA;Akcje - tematyczne;ISHARESS&P500 CONS DISCR SECTOR UCITS ETF USD;iShares;Accumulating;IUCD;LON;LON:IUCD;;USD
ETF;IE00BZ56SW52;Globalny;Akcje - dywidendy;WISDOMTREE GLOBAL QUALITY DIVIDEND GROWTH UCITS ;WisdomTree;Accumulating;WTEM;FRA;FRA:WTEM;;
ETF;IE00BZ56SW52;Globalny;Akcje - dywidendy;WISDOMTREE GLOBAL QUALITY DIVIDEND GROWTH UCITS ;WisdomTree;Accumulating;GGRG;LON;LON:GGRG;;
ETF;LU0322250712;Globalny;Akcje - tematyczne;DB XTRACKERS LPX PRIVATE EQUITY SWAP UCITS ;Xtrackers;Accumulating;XLPE;FRA;FRA:DX2D;;
ETF;IE00BYXVGY31;USA;Akcje - dywidendy;FIDELITY US QUALITY INCOME UCITS;Fidelity;Accumulating;FUSA;FRA;FRA:FUSA;;EUR
ETF;IE00BYXVGY31;USA;Akcje - dywidendy;FIDELITY US QUALITY INCOME UCITS ;Fidelity;Accumulating;FUSA;LON;LON:FUSA;;USD
ETF;IE00BCLWRG39;Japonia;Akcje;ISHARES MSCI JAPAN USD HEDGED UCITS ETF ;iShares;Accumulating;IJPD;LON;LON:IJPD;;USD
ETF;IE00BFM6T921;Globalny (DM);Akcje - nieruchomości;ISHARES DEVELOPED MARKETS PROPERTY YIELD UCITS ETF - ACC;iShares;Accumulating;DPYA;LON;LON:DPYA;;USD
ETF;IE00BFF5RX68;USA;Akcje - factor;ISHARES EDGE MSCI USA VALUE FACTOR UCITS ;iShares;Distributing;IUVD;LON;LON:IUVD;;USD
ETF;IE00BYXVGZ48;Globalny (DM);Akcje - dywidendy;FIDELITY GLOBAL QUALITY INCOME UCITS ETF INCOME SHARES;Fidelity;Distributing;FGEQ;FRA;FRA:FGEQ;;
ETF;IE00B3F81G20;Globalny (EM);Akcje - małe spółki;ISHARES MSCI EM SMALL CAP UCITS ;iShares;Distributing;EUNI;FRA;FRA:EUNI;;EUR
ETF;DE000A0H08S0;Europa;Akcje - tematyczne;ISHARES STOXX EUROPE 600 TRAVEL & LEISURE UCITS;iShares;Distributing;SXTPEX;FRA;FRA:EXV9;;
ETF;DE000A0H08H3;Europa;Akcje - tematyczne;ISHARES STOXX EUROPE 600 FOOD UCITS ;iShares;Distributing;SX3PEX;FRA;FRA:EXH3;;EUR
ETF;DE000A27Z304;Globalny;Kryptowaluty;BTCETC - BITCOIN EXCHANGE TRADED CRYPTO;HanETF;Accumulating;BTCE;FRA;FRA:BTCE;;
ETF;DE000A0H0744;Azja;Akcje - dywidendy;ISHARES DOW JONES ASIA PACIFIC SELECT DIVIDEND 30 UCITS ETF;iShares;Distributing;APSDEX;FRA;FRA:EXXW;;EUR
ETF;JE00B78CGV99;Globalny;Surowce energetyczne;WISDOMTREE BRENT CRUDE OIL ;WisdomTree;Accumulating;BRNT;LON;LON:BRNT;;
ETF;DE000A1N49P6;Globalny;Surowce energetyczne;WISDOMTREE BRENT CRUDE ;WisdomTree;Accumulating;OOEA;FRA;FRA:OOEA;;
ETF;LU1838002480;Globalny;Akcje - technologia;LYXOR ROBOTICS & AI UCITS ;Lyxor;Accumulating;ROAI;FRA;FRA:ROAI;;EUR
ETF;IE00B910VR50;Europa;Akcje;SPDR MSCI EMU UCITS ETF ;SPDR;Accumulating;ZPRE;FRA;FRA:ZPRE;;EUR
ETF;IE00BK5BCH80;Globalny;Akcje - tematyczne;L&G CLEAN ENERGY UCITS;L&G;Accumulating;RENW;FRA;FRA:RENW;;
ETF;IE00BF0M6N54;Globalny;Akcje - tematyczne;L&G ECOMMERCE LOGISTICS UCITS ;L&G;Accumulating;ECOM;AMS;AMS:ECOM;;
ETF;IE00BF0M6N54;Globalny;Akcje - tematyczne;L&G ECOMMERCE LOGISTICS UCITS ;L&G;Accumulating;ECOM;LON;LON:ECOM;;
ETF;FR0012739431;Europa;Akcje;BNP PARIBAS EASY EURO STOXX 50 UCITS ETF EUR C ;BNP Paribas;Accumulating;ETDD;EPA;EPA:ETDD;;
ETF;IE00BFD2H405;Globalny;Akcje - technologia;FIRST TRUST CLOUD COMPUTING UCITS ETF;First Trust;Accumulating;FSKY;LON;LON:FSKY;;GBX
ETF;IE00BK5BCD43;Globalny;Akcje - technologia;L&G ARTIFICIAL INTELLIGENCE UCITS;L&G;Accumulating;XMLD;FRA;FRA:XMLD;;
ETF;DE000A0KRJX4;Globalny;Surowce energetyczne;WISDOMTREE WTI CRUDE OIL ;WisdomTree;Accumulating;OD7F;FRA;FRA:OD7F;;
ETF;IE00BFMXYX26;Japonia;Akcje;VANGUARD FTSE JAPAN UCITS ETF;Vanguard;Accumulating;VJPA;FRA;FRA:VJPA;;EUR
ETF;IE00B3Q19T94;Europa;Akcje - finanse;SOURCE EURO STOXX OPTIMISED BANKS UCITS ;Invesco;Accumulating;S7XE;FRA;FRA:S7XE;;
ETF;IE00BFYN8Y92;Globalny (EM);Akcje - technologia;HANETF EMQQ EMERGING MARKETS INTERNET & ECOMMERCE UCITS ETF;HanETF;Accumulating;EMQQ;FRA;FRA:EMQQ;;
ETF;IE00BFYN8Y92;Globalny (EM);Akcje - technologia;HANETF EMQQ EMERGING MARKETS INTERNET & ECOMMERCE UCITS ETF;HanETF;Accumulating;EMQQ;LON;LON:EMQQ;;
ETF;IE00BLRPQH31;Globalny;Akcje - tematyczne;RIZE SUSTAINABLE FUTURE OF FOOD UCITS;RIZE;Accumulating;RIZF;FRA;FRA:RIZF;;
ETF;IE00BLRPQH31;Globalny;Akcje - tematyczne;RIZE SUSTAINABLE FUTURE OF FOOD UCITS;RIZE;Accumulating;FOOD;LON;LON:FOOD;;
ETF;NL0009690239;Globalny;Akcje - nieruchomości;VANECK VECTOR GLOBAL REAL ESTATE UCITS ETF;VanEck;Distributing;TRET;AMS;AMS:TRET;;
ETF;IE00B2QWDY88;Japonia;Akcje - małe spółki;ISHARES MSCI JAPAN SMALL CAP UCITS ETF;iShares;Distributing;IDJP;LON;LON:IDJP;;
ETF;DE000A0KRJ44;Globalny;Metale przemysłowe;WISDOMTREE NICKEL ;WisdomTree;Accumulating;OD7M;FRA;FRA:OD7M;;
ETF;IE00BGDPWV87;Azja;Akcje - nieruchomości;ISHARES ASIA PROPERTY YIELD UCITS ;iShares;Accumulating;AYEP;FRA;FRA:AYEP;;EUR
ETF;IE00B8GF1M35;Globalny;Akcje - nieruchomości;SPDR DOW JONES GLOBAL REAL ESTATE UCITS;SPDR;Distributing;GLRE;LON;LON:GLRE;;USD
ETF;IE00B8GF1M35;Globalny;Akcje - nieruchomości;SPDR DOW JONES GLOBAL REAL ESTATE UCITS;SPDR;Distributing;SPYJ;FRA;FRA:SPYJ;;EUR
ETF;IE00BHZRQZ17;Indie;Akcje;FRANKLIN FTSE INDIA UCITS ETF;Franklin;Accumulating;FLXI;FRA;FRA:FLXI;;
ETF;LU1437018838;Globalny;Akcje - nieruchomości;AMUNDI INDEX FTSE EPRA NAREIT GLOBAL UCITS ETF;Amundi;Accumulating;EPRA;EPA;EPA:EPRA;;
ETF;LU0322251520;USA;Akcje - short;DB XTRACKERS S&P 500 INVERSE DAILY UCITS ;Xtrackers;Accumulating;DXS3;FRA;FRA:DXS3;;
ETF;DE000A0Q4R02;Europa;Akcje - tematyczne;ISHARES STOXX EUROPE 600 UTILITIES UCITS ETF ;iShares;Distributing;SX6PEX;#ARG!;SX6PEX;;
ETF;IE00BMFKG444;USA;Akcje;XTRACKERS NASDAQ 100 UCITS ETF;Xtrackers;Accumulating;XNAS;FRA;FRA:XNAS;;
ETF;IE00B27YCF74;Globalny;Akcje - tematyczne;ISHARES GLOBAL TIMBER & FORESTRY UCITS;iShares;Distributing;WOOD;LON;LON:WOOD;;
ETF;IE00BFYTYS33;Globalny (DM);Akcje - factor;ISHARES EDGE MSCI WORLD VALUE FACTOR UCITS ;iShares;Distributing;IWVU;LON;LON:IWVU;;USD
ETF;DE000A0H08J9;Europa;Akcje - przemysł;ISHARES STOXX EUROPE 600 INDUSTRIAL GOODS & SERVICES UCITS;iShares;Distributing;SXNPEX;FRA;FRA:EXH4;;EUR
ETF;DE000A0H08Q4;Europa;Akcje - technologia;ISHARES STOXX EUROPE 600 TECHNOLOGY UCITS ;iShares;Distributing;SX8PEX;FRA;FRA:EXV3;;EUR
ETF;IE00B4LN9N13;USA;Akcje - tematyczne;ISHARES S&P 500 INDUSTRIALS SECTOR UCITS ETF;iShares;Accumulating;2B7C;FRA;FRA:2B7C;;
ETF;IE00B27YCK28;Ameryka Płd.;Akcje;ISHARES MSCI EM LATAM UCITS ;iShares;Distributing;IUSC;FRA;FRA:IUSC;;EUR
ETF;IE00B27YCK28;Ameryka Płd.;Akcje;ISHARES MSCI EM LATAM UCITS ;iShares;Distributing;LTAM;AMS;AMS:LTAM;;EUR
ETF;LU0411075020;Niemcy;Akcje - short - lev;XTRACKERS SHORTDAX X2 DAILY SWAP UCITS ETF 1C ;Xtrackers;Accumulating;DBPD;FRA;FRA:DBPD;;
ETF;LU1900067940;Hong Kong;Akcje;LYXOR HONG KONG UCITS ETF;Lyxor;Distributing;HSI;EPA;EPA:HSI;;
ETF;LU1781541849;Azja;Akcje;LYXOR MSCI EM ASIA UCITS ETF - ACC;Lyxor;Accumulating;LCUA;FRA;FRA:LCUA;;
ETF;LU0530119774;Europa;Obligacje skarbowe - short;COMSTAGE COMMERZ BUNDFUTURE SHORT UCITS ;Comstage;Distributing;5X62;FRA;FRA:5X62;;
ETF;IE00BFWFPX50;USA;Akcje - tematyczne;SPDR S&P U.S. COMMUNICATION SERVICES SELECT SECTOR UCITS;State Street;Accumulating;ZPDK;FRA;FRA:ZPDK;;EUR
ETF;DE000A0Q4R28;Europa;Akcje - tematyczne;ISHARES STOXX EUROPE 600 AUTOMOBILES & PARTS UCITS;iShares;Distributing;SXAPEX;FRA;FRA:EXV5;;EUR
ETF;LU0322250985;Francja;Akcje;DB XTRACKERS CAC 40 UCITS ;Xtrackers;Distributing;XCAC;FRA;FRA:DX2G;;EUR
ETF;IE00BK5BQZ41;Azja;Akcje;VANGUARD FTSE DEVELOPED ASIA PACIFIC EXJAPAN UCITS ETF;Vanguard;Accumulating;VAPU;LON;LON:VAPU;;USD
ETF;LU1812092168;Europa;Akcje - dywidendy;LYXOR UCITS ETF STOXX EUROPE SELECT DIVIDEND 30;Lyxor;Distributing;SEL;EPA;EPA:SEL;;EUR
ETF;IE00BM67HQ30;Globalny (DM);Akcje - tematyczne;XTRACKERS MSCI WORLD UTILITIES UCITS ETF;Xtrackers;Accumulating;XDWU;FRA;FRA:XDWU;;
ETF;GB00B15KY211;Globalny;Metale przemysłowe;WISDOMTREE NICKEL ;WisdomTree;Accumulating;NICK;LON;LON:NICK;;USD
ETF;IE00BYYXBF44;Globalny (EM);Akcje - dywidendy;INVESCO FTSE EM HIGH DIVIDEND LOW VOLATILITY UCITS ETF;Invesco;Distributing;EHDL;FRA;FRA:EHDL;;
ETF;LU2023678282;Globalny;Akcje - technologia;LYXOR MSCI DISRUPTIVE TECHNOLOGY ESG FILTERED UCITS ETF - ACC;Lyxor;Accumulating;UNIC;LON;LON:UNIC;;
ETF;LU2023678282;Globalny;Akcje - technologia;LYXOR MSCI DISRUPTIVE TECHNOLOGY ESG FILTERED UCITS ETF - ACC;Lyxor;Accumulating;DRUP;FRA;FRA:DRUP;;
ETF;IE00BYZ28W67;Wielka Brytania;Akcje;ISHARES CORE FTSE 100 UCITS ETF;iShares;Accumulating;ISFD;LON;LON:ISFD;;USD
ETF;IE00BSPLC298;Europa;Akcje - małe spółki;SPDR MSCI EUROPE SMALL CAP VALUE WEIGHTED UCITS ETF;SPDR;Accumulating;ZPRX;FRA;FRA:ZPRX;;EUR
ETF;LU1681044720;Szwajcaria;Akcje;AMUNDI MSCI SWITZERLAND UCITS ETF;Amundi;Accumulating;CSW;EPA;EPA:CSW;;EUR
ETF;IE00B27YCP72;Kraje Arabskie;Akcje;ISHARES MSCI EM ISLAMIC UCITS ETF USD ;iShares;Distributing;ISDE;LON;LON:ISDE;;
ETF;FR0010869578;Niemcy;Obligacje skarbowe - short - lev;LYXOR UCITS ETF DAILY DOUBLE SHORT BUND;Lyxor;Accumulating;DSB;EPA;EPA:DSB;;EUR
ETF;IE00BG0SKF03;Globalny (EM);Akcje - factor;ISHARES EDGE MSCI EM VALUE FACTOR UCITS ETF;iShares;Accumulating;5MVL;FRA;FRA:5MVL;;EUR
ETF;DE000A0H08R2;Europa;Akcje - tematyczne;ISHARES STOXX EUROPE 600 TELECOM UCITS ;iShares;Distributing;SXKPEX;FRA;FRA:EXV2;;
ETF;IE00B4MKCJ84;USA;Akcje - tematyczne;ISHARES S&P 500 MATERIALS SECTOR UCITS ETF;iShares;Accumulating;2B7B;FRA;FRA:2B7B;;EUR
ETF;IE00B9KNR336;Azja;Akcje - dywidendy;SPDR S&P PAN ASIA DIVIDEND ARISTOCRATS UCITS ;SPDR;Distributing;ASDV;LON;LON:ASDV;;USD
ETF;IE00B1XNH568;Włochy;Akcje;ISHARES FTSE MIB UCITS;iShares;Distributing;IMIB;LON;LON:IMIB;;
ETF;IE00B6S2Z822;Wielka Brytania;Akcje - dywidendy;SPDR S&P UK DIVIDEND ARISTOCRATS UCITS ETF;SPDR;Distributing;SPYG;FRA;FRA:SPYG;;
ETF;IE00BYX8XD24;USA;Akcje - factor;ISHARES EDGE S&P 500 MIN VOL UCITS ETF EUR HDG;iShares;Accumulating;IS31;FRA;FRA:IS31;;
ETF;IE00B1FZS574;Turcja;Akcje;ISHARES MSCI TURKEY UCITS ;iShares;Distributing;IQQ5;FRA;FRA:IQQ5;;
ETF;IE00B1FZS574;Turcja;Akcje;ISHARES MSCI TURKEY UCITS ;iShares;Distributing;ITKY;AMS;AMS:ITKY;;
ETF;LU0476289466;Meksyk;Akcje;DB XTRACKERS MSCI MEXICO UCITS;Xtrackers;Accumulating;D5BI;FRA;FRA:D5BI;;
ETF;IE00BKWQ0M75;Europa;Akcje - małe spółki;SPDR MSCI EUR SMALL UCITS ETF C ;SPDR;Accumulating;SMC;EPA;EPA:SMC;;EUR
ETF;IE00BSPLC520;USA;Akcje - factor;SPDR MSCI USA VALUE UCITS ETF;State Street;Accumulating;USVL;LON;LON:USVL;;USD
ETF;IE00BFWMQ331;Arabia Saudyjska;Akcje;INVESCO MSCI SAUDI ARABIA UCITS ETF;Invesco;Accumulating;MSAU;LON;LON:MSAU;;
ETF;GB00B15KY765;Globalny;Surowce rolne;WISDOMTREE WHEAT;WisdomTree;Accumulating;OD7S;FRA;FRA:OD7S;;
ETF;LU0832436512;Globalny (DM);Akcje - dywidendy;LYXOR SG GLOBAL QUALITY INCOME NTR UCITS ETF - DIST;Lyxor;Distributing;SGQI;EPA;EPA:SGQI;;
ETF;IE00B53L4X51;Włochy;Akcje;ISHARES FTSE MIB UCITS ETF EUR ;iShares;Accumulating;SXRY;FRA;FRA:SXRY;;
ETF;LU0292106753;Europa;Akcje - short;XTRACKERS EURO STOXX 50 SHORT DAILY SWAP UCITS ETF 1C ;Xtrackers;Accumulating;DBX1SS;FRA;FRA:DXSP;;
ETF;DE000A0KRJ93;Globalny;Surowce rolne;WISDOMTREE WHEAT;WisdomTree;Accumulating;OD7S;FRA;FRA:OD7S;;
ETF;JE00BDD9Q840;Globalny;Surowce energetyczne - lev;WISDOMTREE WTI CRUDE OIL 2X DAILY LEVERAGED;WisdomTree;Accumulating;LOIL;LON;LON:LOIL;;
ETF;JE00BDD9Q840;Globalny;Surowce energetyczne - lev;WISDOMTREE WTI CRUDE OIL 2X DAILY LEVERAGED;WisdomTree;Accumulating;4RT6;FRA;FRA:4RT6;;
ETF;IE00BK5BC677;Globalny;Akcje - ochrona zdrowia;L&G HEALTHCARE BREAKTHROUGH UCITS;L&G;Accumulating;XMLH;FRA;FRA:XMLH;;
ETF;IE00BMDH1538;Globalny;Akcje - tematyczne;VANECK HYDROGEN ECONOMY UCITS ETF;VanEck;Accumulating;HDR0;FRA;FRA:HDR0;;
ETF;IE00BMDH1538;Globalny;Akcje - tematyczne;VANECK HYDROGEN ECONOMY UCITS ETF;VanEck;Accumulating;HDRO;LON;LON:HDRO;;
ETF;DE000A2BDEB6;Globalny;Surowce energetyczne - lev;WISDOMTREE 2X DAILY LONG WTI CRUDE OIL ;WisdomTree;Accumulating;4RT6;FRA;FRA:4RT6;;
ETF;IE00BM67HP23;Globalny (DM);Akcje - tematyczne;DB XTRACKERS MSCI WORLD CONSUMER DISCRETIONARY UCITS;Xtrackers;Accumulating;XDWC;FRA;FRA:XDWC;;
ETF;LU0292109856;Chiny;Akcje;XTRACKERS FTSE CHINA 50 UCITS ETF;Xtrackers;Accumulating;XX2D;FRA;FRA:DBX9;;
ETF;IE00BFG1RG61;Globalny (DM);Akcje - factor;INVESCO GOLDMAN SACHS EQUITY FACTOR INDEX WORLD UCITS ETF;Invesco;Accumulating;SMLW;FRA;FRA:SMLW;;
ETF;IE00BFG1RG61;Globalny (DM);Akcje - factor;INVESCO GOLDMAN SACHS EQUITY FACTOR INDEX WORLD UCITS ETF;Invesco;Accumulating;EFIW;LON;LON:EFIW;;
ETF;GB00BJYDH287;Globalny;Kryptowaluty;WISDOMTREE BITCOIN;WisdomTree;Accumulating;WBIT;FRA;FRA:WBIT;;
ETF;IE00BDDRF478;USA;Akcje - tematyczne;ISHARES S&P 500 COMMUNICATION SECTOR;iShares;Accumulating;IU5C;FRA;FRA:IU5C;;EUR
ETF;IE00BDDRF478;USA;Akcje - tematyczne;ISHARES S&P 500 COMMUNICATION SECTOR USD ;iShares;Accumulating;IUCM;LON;LON:IUCM;;USD
ETF;IE00B52XQP83;RPA;Akcje;ISHARES MSCI SOUTH AFRICA UCITS ;iShares;Accumulating;IRSA;LON;LON:IRSA;;
ETF;IE00B52XQP83;RPA;Akcje;ISHARES MSCI SOUTH AFRICA UCITS ;iShares;Accumulating;IBC4;FRA;FRA:IBC4;;
ETF;FR0010405431;Grecja;Akcje;LYXOR MSCI GREECE UCITS ;Lyxor;Distributing;LYXGRE;FRA;FRA:LYMH;;EUR
ETF;FR0010405431;Grecja;Akcje;LYXOR MSCI GREECE UCITS ;Lyxor;Distributing;GRE;EPA;EPA:GRE;;EUR
ETF;IE00BYXPXL17;Globalny (DM);Akcje - factor;ISHARESE MSCI WLD MINVOLATILITY UCITS ETF EURH ;iShares;Accumulating;SXR0;FRA;FRA:SXR0;;EUR
ETF;IE00B46G8275;Indonezja;Akcje;HSBC MSCI INDONESIA UCITS ;HSBC;Distributing;HIDD;LON;LON:HIDD;;
ETF;IE00BM67HR47;Globalny (DM);Akcje - technologia;DB XTRACKERS MSCI WORLD TELECOM UCITS ;Xtrackers;Accumulating;XWTS;LON;LON:XWTS;;
ETF;IE00BM67HR47;Globalny (DM);Akcje - technologia;DB XTRACKERS MSCI WORLD TELECOM UCITS ;Xtrackers;Accumulating;XWTS;FRA;FRA:XWTS;;
ETF;LU1681043086;Indie;Akcje;AMUNDI ETF MSCI INDIA UCITS;Amundi;Accumulating;CI2;EPA;EPA:CI2;;EUR
ETF;DE000A0H08N1;Europa;Akcje - tematyczne;ISHARES STOXX EUROPE 600 PERSONAL & HOUSEHOLD GOODS UCITS ;iShares;Distributing;SXQPEX;FRA;FRA:EXH7;;EUR
ETF;DE000A0D8Q23;Austria;Akcje;ISHARES ATX UCITS ETF ;iShares;Distributing;EXXX;FRA;FRA:EXXX;;
ETF;LU0832435464;USA;Zmienność S&P500;LYXOR S&P 500 VIX FUTURES ENHANCED ROLL UCITS ;Lyxor;Accumulating;LVO;AMS;AMS:LVO;;EUR
ETF;LU0832435464;USA;Zmienność S&P500;LYXOR S&P 500 VIX FUTURES ENHANCED ROLL UCITS;Lyxor;Accumulating;VOOL;FRA;FRA:VOOL;;EUR
ETF;IE00BGQYRQ28;USA;Akcje - tematyczne;XTRACKERS MSCI USA CONSUMER STAPLES UCITS ETF;Xtrackers;Distributing;XUCS;FRA;FRA:XUCS;;
ETF;LU1681041973;Europa;Akcje - dywidendy;AMUNDI MSCI EUROPE HIGH DIVIDEND FACTOR UCITS ETF - EUR;Amundi;Accumulating;CD9;EPA;EPA:CD9;;EUR
ETF;IE00BJRCLL96;Globalny;Akcje - factor;JPM GLOBAL EQUITY MULTI-FACTOR UCITS ETF - USD (ACC);JPM;Accumulating;JPGL;FRA;FRA:JPGL;;EUR
ETF;IE00B6YX5B26;Globalny (EM);Akcje - dywidendy;SPDR S&P EMERGING MARKETS DIVIDEND ARISTOCRATS UCITS ;State Street;Distributing;SPYV;FRA;FRA:SPYV;;
ETF;DE000A28M8D0;Globalny;Kryptowaluty;VANECK VECTORS BITCOIN ETN;VanEck;Accumulating;VBTC;FRA;FRA:VBTC;;
ETF;LU0292109187;Tajwan;Akcje;XTRACKERS MSCI TAIWAN UCITS ;Xtrackers;Accumulating;XMTW;FRA;FRA:DBX5;;EUR
ETF;IE00BGV5VR99;Globalny;Akcje - technologia;XTRACKERS FUTURE MOBILITY UCITS ETF 1C ;Xtrackers;Accumulating;XMOV;FRA;FRA:XMOV;;
ETF;FR0013380607;Francja;Akcje;LYXOR CAC 40 (DR) UCITS ETF - ACC;Lyxor;Accumulating;CACC;EPA;EPA:CACC;;EUR
ETF;LU0514694701;Tajlandia;Akcje;XTRACKERS MSCI THAILAND UCITS ETF (EUR);Xtrackers;Accumulating;XCS4;FRA;FRA:XCS4;;
ETF;LU0328476410;Globalny;Akcje - tematyczne;DB XTRACKERS S&P SELECT FRONTIER UCITS ;Xtrackers;Accumulating;XSFR;FRA;FRA:DX2Z;;
ETF;DE000A0H08E0;Europa;Akcje - tematyczne;ISHARES STOXX EUROPE 600 CHEMICALS UCITS ;iShares;Distributing;SX4PEX;FRA;FRA:EXV7;;EUR
ETF;LU0496786905;Australia;Akcje;LYXOR ETF S&P ASX 200;Lyxor;Distributing;AU2;EPA;EPA:AU2;;
ETF;LU0411078636;USA;Akcje - short - lev;XTRACKERS S&P 500 2X INVERSE DAILY SWAP UCITS ;Xtrackers;Accumulating;DBPK;FRA;FRA:DBPK;;
ETF;LU0292105359;Europa;Akcje - tematyczne;DB XTRACKERS STOXX EUROPE 600 FOOD & BEVERAGE UCITS;Xtrackers;Accumulating;XS3R;FRA;FRA:DXSK;;
ETF;LU2082997516;Europa;Akcje - ochrona zdrowia;LYXOR STOXX EUROPE 600 HEALTHCARE UCITS ETF ;Lyxor;Distributing;EHLT;FRA;FRA:EHLT;;
ETF;IE00BL0BMZ89;Globalny;Akcje - tematyczne;VANECK MORNINGSTAR GLOBAL WIDE MOAT UCITS ETF;VanEck;Accumulating;VVGM;FRA;FRA:VVGM;;
ETF;IE00BYSX4739;Globalny (EM);Akcje - dywidendy;FIDELITY EMERGING MARKETS QUALITY INCOME UCITS ETF EM;Fidelity;Distributing;FYEQ;FRA;FRA:FYEQ;;
ETF;GB00B15KY104;Globalny;Surowce energetyczne;WISDOMTREE NATURAL GAS ;WisdomTree;Accumulating;NGAS;LON;LON:NGAS;;USD
ETF;GB00B15KY104;Globalny;Surowce energetyczne;WISDOMTREE NATURAL GAS ;WisdomTree;Accumulating;NGAS;EPA;EPA:NGAS;;
ETF;IE00BG7PP820;USA;Akcje - tematyczne;INVESCO COMMUNICATIONS S&P US SELECT SECTOR UCITS ETF A;Invesco;Accumulating;XLCS;LON;LON:XLCS;;USD
ETF;LU1737652823;Globalny;Akcje - nieruchomości;AMUNDI INDEX FTSE EPRA NAREIT GLOBAL UCITS ETF;Amundi;Distributing;10AJ;FRA;FRA:10AJ;;EUR
ETF;LU0514695187;Indie;Akcje;DB XTRACKERS MSCI INDIA SWAP UCITS ;Xtrackers;Accumulating;XCS5;FRA;FRA:XCS5;;
ETF;IE00BDDRF700;Globalny;Akcje - technologia;HAN-GINS TECH MEGATREND EQUAL WEIGHT UCITS;HanETF;Accumulating;ITEK;LON;LON:ITEK;;
ETF;IE00BLRPRJ20;Globalny;Akcje - short - lev;WISDOMTREE NASDAQ 100 3X DAILY SHORT;WisdomTree;Accumulating;QQQS;LON;LON:QQQS;;
ETF;LU0292109344;Brazylia;Akcje;DB XTRACKERS MSCI BRAZIL UCITS ;Xtrackers;Accumulating;XMBR;FRA;FRA:DBX6;;
ETF;FR0010424143;Europa;Akcje - short - lev;LYXOR EURO STOXX 50 DAILY (2X) INVERSE UCITS ETF ;Lyxor;Accumulating;BXX;EPA;EPA:BXX;;EUR
ETF;DE000A0H08G5;Europa;Akcje - finanse;ISHARES STOXX EUROPE 600 FINANCIAL SERVICES UCITS ETF;iShares;Distributing;EXH2;FRA;FRA:EXH2;;
ETF;DE000A0Q4R44;Europa;Akcje - nieruchomości;ISHARES STOXX EUROPE 600 REAL ESTATE UCITS ETF;iShares;Distributing;EXI5;FRA;FRA:EXI5;;EUR
ETF;LU0476289623;Indonezja;Akcje;XTRACKERS MSCI INDONESIA SWAP UCITS ETF 1C ;Xtrackers;Accumulating;XAIN;FRA;FRA:XAIN;;EUR
ETF;IE00B5WHFQ43;Meksyk;Akcje;ISHARES MSCI MEXICO CAPPED UCITS ;iShares;Accumulating;CEBG;FRA;FRA:CEBG;;
ETF;IE00BH3YZ803;USA;Akcje - małe spółki;INVESCO S&P SMALLCAP 600 UCITS ETF;Invesco;Accumulating;SMLK;FRA;FRA:SMLK;;
ETF;IE00B94ZB998;USA;Akcje - tematyczne;INVESCO MORNINGSTAR US ENERGY INFRASTRUCTURE MLP UCITS ETF;Invesco;Accumulating;MLPS;LON;LON:MLPS;;
ETF;FR0010869495;Niemcy;Akcje - short - lev;LYXOR DAILY SHORTDAX X2 UCITS ETF ;Lyxor;Accumulating;DSD;EPA;EPA:DSD;;
ETF;LU1900067601;Turcja;Akcje;LYXOR MSCI TURKEY UCITS ETF;Lyxor;Accumulating;TUR;EPA;EPA:TUR;;
ETF;IE00BJZ2DC62;USA;Akcje - średnie spółki;DB XTRACKERS RUSSELL MIDCAP UCITS ;Xtrackers;Accumulating;XRSM;FRA;FRA:XRSM;;
ETF;IE00BJZ2DC62;USA;Akcje - średnie spółki;DB XTRACKERS RUSSELL MIDCAP UCITS;Xtrackers;Accumulating;XRMU;LON;LON:XRMU;;
ETF;IE00BZ56RN96;Globalny;Akcje - dywidendy;WISDOMTREE GLOBAL QUALITY DIVIDEND GROWTH UCITS ETF - USD;WisdomTree;Distributing;GGRW;LON;LON:GGRW;;
ETF;GB00B15KYB02;Globalny;Surowce energetyczne;WISDOMTREE ENERGY;WisdomTree;Accumulating;AIGE;LON;LON:AIGE;;USD
ETF;IE00B60SWY32;Europa;Akcje;SOURCE MSCI EUROPE UCITS ;Invesco;Accumulating;SMSEUR;FRA;FRA:SC0E;;EUR
ETF;IE00BLRB0242;Globalny;Akcje - tematyczne;INVESCO GLOBAL CLEAN ENERGY UCITS;Invesco;Accumulating;GCLX;LON;LON:GCLX;;
ETF;IE00BQQ3Q067;Globalny (EM);Akcje - dywidendy;WISDOMTREE EMERGING MARKETS EQUITY INCOME UCITS ETF;WisdomTree;Distributing;DEMD;LON;LON:DEMD;;USD
ETF;IE00B4M7GH52;Polska;Akcje;ISHARES MSCI POLAND ;iShares;Accumulating;IBCJ;FRA;FRA:IBCJ;;
ETF;IE00B4M7GH52;Polska;Akcje;ISHARES MSCI POLAND UCITS ;iShares;Accumulating;IPOL;LON;LON:IPOL;;
ETF;IE00BYMS5W68;USA;Akcje - technologia;INVESCO KBW NASDAQ FINTECH UCITS;Invesco;Accumulating;FTEK;LON;LON:FTEK;;USD
ETF;IE00BG13YH41;Europa;Akcje - factor;ISHARES EDGE MSCI EUROPE VALUE FACTOR UCITS ETF EUR DIS;iShares;Distributing;IEDL;LON;LON:IEDL;;EUR
ETF;IE00BNC1F287;Globalny;Akcje - tematyczne;HANETF ICLIMA GLOBAL DECARBONISATION ENABLERS UCITS;HanETF;Accumulating;ECLM;FRA;FRA:ECLM;;
ETF;IE00B8K7KM88;USA;Akcje - short - lev;WISDOMTREE S&P 500 3X DAILY SHORT;WisdomTree;Accumulating;3USS;LON;LON:3USS;;
ETF;LU0659579063;Austria;Akcje;XTRACKERS ATX UCITS ETF;Xtrackers;Accumulating;XB4A;FRA;FRA:XB4A;;
ETF;IE00B76BRD76 ;Globalny;Surowce - short - lev;BOOST NATURAL GAS 3X SHORT DAILY (ACC, USD);WisdomTree;Accumulating;3NGS;LON;LON:3NGS;;
ETF;LU0659578842;Singapur;Akcje;XTRACKERS MSCI SINGAPORE UCITS ETF 1C ;Xtrackers;Accumulating;XBAS;FRA;FRA:XBAS;;EUR
ETF;LU1900065811;Indonezja;Akcje;LYXOR MSCI INDONESIA UCITS ETF ;Lyxor;Accumulating;LYXI;FRA;FRA:LYXI;;EUR
ETF;IE00BSJCQV56;Europa;Akcje - nieruchomości;SPDR FTSE EPRA EUROPE EX UK REAL ESTATE UCITS ETF ;SPDR;Accumulating;ZPRP;FRA;FRA:ZPRP;;EUR
ETF;LU0274212538;Włochy;Akcje;XTRACKERS FTSE MIB UCITS ETF 1D;Xtrackers;Distributing;DBXI;FRA;FRA:DBXI;;EUR
ETF;DE000A3GMKD7;Globalny;Kryptowaluty;ETH ETC - PHYSICAL ETHEREUM ETC;ETC Group;Accumulating;ZETH;FRA;FRA:ZETH;;
ETF;LU0592215403;Filipiny;Akcje;XTRACKERS MSCI PHILIPPINES UCITS ETF 1C ;Xtrackers;Accumulating;XPQP;FRA;FRA:XPQP;;
ETF;IE00B23LNQ02;Globalny;Akcje;INVESCO FTSE RAFI ALL-WORLD 3000 UCITS ETF;Invesco;Distributing;PSRW;EPA;EPA:PSRW;;
ETF;IE00BDZVHD04;Globalny (DM);Akcje - nieruchomości;ISHARES DEVELOPED MARKETS PROPERTY YIELD UCITS ETF ;iShares;Accumulating;DPYE;LON;LON:DPYE;;EUR
ETF;LU0592216393;Hiszpania;Akcje;DB XTRACKERS SPANISH EQUITY UCITS;Xtrackers;Accumulating;XESP;FRA;FRA:XESP;;
ETF;IE00BJXRT813;Globalny (DM);Akcje - factor;SPDR MSCI WORLD VALUE UCITS ETF;SPDR;Accumulating;WVAL;LON;LON:WVAL;;USD
ETF;LU1327051279;USA;Akcje - short - lev;LYXOR S&P 500 DAILY (2X) INVERSE UCITS ETF;Lyxor;Accumulating;DSP5;EPA;EPA:DSP5;;EUR
ETF;FR0011119205;USA;Akcje - factor;LYXOR RUSSELL 1000 VALUE UCITS ETF (ACC USD);Lyxor;Accumulating;RUSV;LON;LON:RUSV;;
ETF;IE00B8GKPP93;Globalny;Akcje - short - lev;WISDOMTREE DAX 3X DAILY SHORT;WisdomTree;Accumulating;3DES;LON;LON:3DES;;
ETF;IE000NDWFGA5;Globalny;Akcje - tematyczne;GLOBAL X URANIUM UCITS ETF;Global X;Accumulating;URNU;FRA;FRA:URNU;;
ETF;GB00B15KXS04;Globalny;Surowce rolne;WISDOMTREE CORN ;WisdomTree;Accumulating;CORN;LON;LON:CORN;;USD
ETF;IE00B3CNHJ55;USA;Akcje - małe spółki;L&G RUSSELL 2000 US SMALL CAP QUALITY UCITS ETF;L&G;Accumulating;RTWO;LON;LON:RTWO;;USD
ETF;IE00BSPLC306;Europa;Akcje - factor;SPDR MSCI EUROPE VALUE UCITS ETF;State Street;Accumulating;ZPRW;FRA;FRA:ZPRW;;
ETF;LU1900066629;Ameryka Płd.;Akcje;LYXOR MSCI EM LATIN AMERICA UCITS ETF;Lyxor;Accumulating;LTM;EPA;EPA:LTM;;EUR
ETF;PLBETF400025;Polska;Akcje;BETA ETF MWIG40 TOTAL RETURN ;BETA ETF;Accumulating;BETAM40TR;WSE;WSE:BETAM40TR;;
ETF;LU0592217524;Afryka;Akcje;XTRACKERS MSCI AFRICA TOP 50 SWAP UCITS ETF;Xtrackers;Accumulating;XMKA;FRA;FRA:XMKA;;
ETF;GB00B15KXP72;Globalny;Surowce rolne;WISDOMTREE COFFEE ;WisdomTree;Accumulating;COFF;LON;LON:COFF;;
ETF;DE000A0KRJT2;Globalny;Surowce rolne;WISDOMTREE COFFEE ;WisdomTree;Accumulating;OD7B;FRA;FRA:OD7B;;
ETF;JE00BDD9QD91;Globalny;Surowce energetyczne - lev;WISDOMTREE BRENT CRUDE OIL 2X DAILY LEVERAGED;WisdomTree;Accumulating;LBRT;LON;LON:LBRT;;
ETF;GB00BJYDH394;Globalny;Kryptowaluty;WISDOMTREE ETHEREUM;WisdomTree;Accumulating;WETH;FRA;FRA:WETH;;
ETF;LU0514694370;Malezja;Akcje;XTRACKERS MSCI MALAYSIA UCITS ETF 1C;Xtrackers;Accumulating;XCS3;FRA;FRA:XCS3;;
ETF;IE00BHZRQY00;Brazylia;Akcje;FRANKLIN FTSE BRAZIL UCITS ETF;Franklin;Accumulating;FLXB;FRA;FRA:FLXB;;
ETF;GB00B15KY765;Globalny;Surowce rolne;WISDOMTREE WHEAT;WisdomTree;Accumulating;WEAT;LON;LON:WEAT;;USD
ETF;GB00B15KY658;Globalny;Surowce rolne;WISDOMTREE SUGAR ;WisdomTree;Accumulating;SUGA;LON;LON:SUGA;;
ETF;DE000A0V9YZ7;Globalny;Metale szlachetne - lev;WISDOMTREE 2X DAILY LONG GOLD ;WisdomTree;Accumulating;4RT8;FRA;FRA:4RT8;;
ETF;JE00B2NFTS64;Globalny;Metale szlachetne - lev;WISDOMTREE 2X DAILY LONG SILVER;WisdomTree;Accumulating;LSIL;LON;LON:LSIL;;
ETF;JE00B2NFTS64;Globalny;Metale szlachetne - lev;WISDOMTREE 2X DAILY LONG SILVER;WisdomTree;Accumulating;4RUE;FRA;FRA:4RUE;;
ETF;IE00B8HGT870;Globalny;Metale szlachetne - lev;WISDOMTREE GOLD 3X DAILY LEVERAGED ;WisdomTree;Accumulating;3GOL;LON;LON:3GOL;;
ETF;JE00B2NFTL95;Globalny;Metale szlachetne - lev;WISDOMTREE GOLD 2X DAILY LEVERAGED;WisdomTree;Accumulating;LBUL;AMS;AMS:LBUL;;
ETF;IE00BG13YG34;Europa;Akcje - factor;ISHARES EDGE MSCI EUROPE QUALITY FACTOR UCITS ETF EUR DIS;iShares;Distributing;IEQD;LON;LON:IEQD;;EUR
ETF;JE00B24DKH53;Globalny;Surowce energetyczne - short;WISDOMTREE NATURAL GAS 1X DAILY SHORT;WisdomTree;Accumulating;SNGA;LON;LON:SNGA;;
ETF;DE000A0V9Y57;Globalny;Metale szlachetne - lev;WISDOMTREE 2X DAILY LONG SILVER ;WisdomTree;Accumulating;4RUE;FRA;FRA:4RUE;;
ETF;IE00B5W34K94;Brazylia;Akcje;HSBC MSCI BRAZIL UCITS ETF;HSBC;Distributing;HMBR;LON;LON:HMBR;;
ETF;LU1169825954;Singapur;Akcje;UBS MSCI SINGAPORE UCITS ;UBS;Distributing;UE24;AMS;AMS:UE24;;
ETF;IE00B4TS3815;Ameryka Płd.;Akcje;HSBC MSCI EM LATIN AMERICA UCITS ETF;HSBC;Distributing;HMLD;LON;LON:HMLD;;
ETF;IE00BH4GR342;Globalny;Akcje - nieruchomości;SPDR DOW JONES GLOBAL REAL ESTATE UCITS ETF;SPDR;Accumulating;SPY2;FRA;FRA:SPY2;;
ETF;IE00BLRPRG98;Globalny;Surowce energetyczne - lev;WISDOMTREE NATURAL GAS 3X DAILY LEVERAGED;WisdomTree;Accumulating;3LNG;LON;LON:3LNG;;
ETF;IE00BL643144;Globalny (DM);Akcje - tematyczne;HANETF DIGITAL INFRASTRUCTURE AND CONNECTIVITY UCITS ETF;HanETF;Accumulating;DIGI;FRA;FRA:DIGI;;
ETF;IE00BP8FKB21;Europa;Akcje - nieruchomości;XTRACKERS FTSE DEVELOPED EUROPE EX UK REAL ESTATE UCITS ETF;Xtrackers;Accumulating;XREA;FRA;FRA:XREA;;
ETF;IE00BLRPRH06;USA;Zmienność S&P500 - lev;WISDOMTREE S&P 500 VIX SHORT-TERM FUTURES 2.25X DAILY LEVERAGED;WisdomTree;Accumulating;VIXL;LON;LON:VIXL;;
ETF;PLBTETF00015;Polska;Akcje;BETA ETF WIG20 TOTAL RETURN;BETA ETF;Accumulating;BETAW20TR;WSE;WSE:BETAW20TR;;
ETF;IE00BG5J1M21;Globalny;Akcje - tematyczne;HANETF MEDICAL CANNABIS AND WELLNESS UCITS ETF;HanETF;Accumulating;CBSX;FRA;FRA:CBSX;;
ETF;IE00BD5KGK77;Globalny (EM);Akcje - factor;INVESCO GOLDMAN SACHS EQ FACTOR EMERGING MARKETS UCITS ETF EM;Invesco;Accumulating;FEEM;FRA;FRA:FEEM;;
ETF;JE00B2NFV803;Globalny;Surowce rolne - lev;WISDOMTREE COCOA 2X DAILY LEVERAGED;WisdomTree;Accumulating;LCOC;LON;LON:LCOC;;
ETF;IE00BLH3CV30;Globalny (DM);Akcje - tematyczne;HANETF PROCURE SPACE UCITS ETF;HanETF;Accumulating;YODA;FRA;FRA:YODA;;
ETF;IE00BLH3CV30;Globalny (DM);Akcje - tematyczne;HANETF PROCURE SPACE UCITS ETF;HanETF;Accumulating;YODA;LON;LON:YODA;;
ETF;IE00B3QMYK80;Meksyk;Akcje;HSBC MSCI MEXICO CAPPED UCITS ETF;HSBC;Distributing;HMED;LON;LON:HMED;;
ETF;IE00B5BRQB73;Turcja;Akcje;HSBC MSCI TURKEY UCITS ETF EM;HSBC;Distributing;HTRD;LON;LON:HTRD;;
ETF;JE00BDD9Q956;Globalny;Surowce energetyczne - lev;WISDOMTREE NATURAL GAS 2X DAILY LEVERAGED;WisdomTree;Accumulating;LNGA;LON;LON:LNGA;;
ETF;DE000A0KRJ85;Globalny;Surowce rolne;WISDOMTREE SUGAR ;WisdomTree;Accumulating;OD7R;FRA;FRA:OD7R;;
ETF;IE00B8JVMZ80;Globalny;Metale przemysłowe - lev;WISDOMTREE COPPER 3X DAILY LEVERAGED;WisdomTree;Accumulating;3HCL;LON;LON:3HCL;;
ETF;JE00B2NFTD12;Globalny;Surowce rolne - lev;WISDOMTREE COFFEE 2X DAILY LEVERAGED;WisdomTree;Accumulating;LCFE;LON;LON:LCFE;;
ETF;IE00B8KD3F05;Globalny;Metale przemysłowe - short - lev;WISDOMTREE COPPER 3X DAILY SHORT;WisdomTree;Accumulating;3HCS;LON;LON:3HCS;;
ETF;LU0659579147;Pakistan;Akcje;XTRACKERS MSCI PAKISTAN SWAP UCITS ETF 1C;Xtrackers;Accumulating;XBAK;FRA;FRA:XBAK;;
ETF;IE00BDF12W49;Globalny (EM);Akcje - dywidendy;WISDOMTREE EMERGING MARKETS EQUITY INCOME UCITS ETF-ACC EM;WisdomTree;Accumulating;DEMR;LON;LON:DEMR;;
ETF;JE00BDD9QC84;Globalny;Surowce rolne - lev;WISDOMTREE WHEAT 2X DAILY LEVERAGED;WisdomTree;Accumulating;LWEA;LON;LON:LWEA;;
ETF;PLBSWTR00014;Polska;Akcje;BETA ETF SWIG80 TOTAL RETURN ;BETA ETF;Accumulating;ETFBS80TR;WSE;WSE:ETFBS80TR;;PLN
ETF;IE00BF4TW784;USA;Obligacje skarbowe - short - lev;WISDOMTREE US TREASURIES 30Y 3X DAILY SHORT;WisdomTree;Accumulating;UL3S;LON;LON:UL3S;;
ETF;PLBETF200011;Polska;Akcje - short;BETA ETF WIG20SHORT;BETA ETF;Accumulating;BETAW20ST;WSE;WSE:BETAW20ST;;
ETF;BG9000011163;Bułgaria;Akcje;EXPAT BULGARIA SOFIX UCITS ETF;Expat Bulgaria;Accumulating;BGX;FRA;FRA:BGX;;
ETF;IE000Z9SJA06;USA;Akcje;XTRACKERS S&P 500 UCITS ETF;Xtrackers;Accumulating;XDPU;FRA;FRA:XDPU;;
ETF;JE00B2NFTG43;Globalny;Surowce rolne - lev;WISDOMTREE CORN 2X DAILY LEVERAGED;WisdomTree;Accumulating;LCOR;LON;LON:LCOR;;
ETF;IE00BFF5RZ82;USA;Akcje - factor;ISHARES EDGE MSCI USA MOMENTUM FACTOR UCITS ;iShares;Distributing;IUMD;LON;LON:IUMD;;USD
ETF;PLBETFN00018;USA;Akcje;BETA ETF NASDAQ-100 PLN-HEDGED;BETA ETF;Accumulating;BETANDXPL;WSE;WSE:BETANDXPL;;
ETF;IE00BKT6ZH01;USA;Akcje - technologia;LEVERAGE SHARES -1X TESLA ETP;Leverage Shares;Accumulating;TSLS;LON;LON:TSLS;;
ETF;PLBETFS00017;USA;Akcje;BETA ETF S&P500 PLN-HEDGED;BETA ETF;Accumulating;BETASPXPL;WSE;WSE:BETASPXPL;;
ETF;PLBETWT00010;Polska;Akcje - tematyczne;BETA ETF WIGTECH;BETA ETF;Accumulating;BWTECH;WSE;WSE:BWTECH;;
